CustomerID,Age,Annual_Income,Spending_Score,Total_Purchases,Average_Order_Value,Visit_Frequency,Loyalty_Score,Promotion_Response,Discount_Usage,Product_Diversity,Customer_Tenure,Support_Tickets,Satisfaction_Score,Website_Visits,Email_Open_Rate,Social_Engagement,Cart_Abandonment_Rate,Return_Rate,Preferred_Channel,Region,Device_Type
C0001,28.0,45328.0,75.2,24.0,133.25,5.2,76.5,0.35,0.4,9.5,8.0,0.0,3.1,13.0,0.89,0.48,0.55,0.27,Online,East,Desktop
C0002,38.0,49791.0,67.7,20.0,70.21,9.3,37.3,0.63,0.13,3.3,2.9,1.0,4.3,5.0,0.63,0.66,0.35,0.07,Online,East,Mobile
C0003,51.0,67582.0,55.4,34.0,133.45,1.0,74.6,0.84,0.17,9.9,6.0,0.0,5.0,22.0,0.75,0.22,0.44,0.24,Online,East,Desktop
C0004,42.0,110293.0,88.9,36.0,106.7,4.6,31.0,0.58,0.26,7.9,1.4,2.0,4.3,12.0,0.73,0.55,0.31,0.0,Hybrid,South,Desktop
C0005,48.0,112401.0,91.5,34.0,101.24,9.4,64.6,0.47,0.01,6.8,7.5,2.0,4.7,7.0,0.48,0.66,0.1,0.21,Online,South,Mobile
C0006,32.0,50332.0,48.4,17.0,83.41,4.1,80.8,0.59,0.65,7.4,1.9,2.0,3.8,22.0,0.7,0.13,0.4,0.05,Store,West,Mobile
C0007,37.0,46065.0,86.0,20.0,110.5,9.3,77.3,0.32,0.47,7.6,3.7,3.0,3.7,11.0,0.98,0.45,0.24,0.2,Store,West,Desktop
C0008,53.0,,50.9,39.0,91.57,10.7,48.5,0.81,0.39,11.2,5.5,0.0,4.2,16.0,0.68,0.83,0.28,0.04,Online,North,Desktop
C0009,22.0,68988.0,,26.0,81.66,6.5,50.5,0.59,0.01,16.1,6.5,,3.6,19.0,0.79,0.61,0.19,0.11,Store,West,Tablet
C0010,26.0,42561.0,79.9,22.0,111.49,5.1,57.7,0.42,0.07,11.0,4.9,3.0,4.7,17.0,0.75,0.13,0.33,0.06,Hybrid,West,Desktop
C0011,63.0,64553.0,60.8,30.0,87.97,6.6,70.8,0.52,0.4,6.6,8.8,0.0,2.8,3.0,0.69,0.63,0.45,0.1,Hybrid,West,Mobile
C0012,32.0,69687.0,71.9,32.0,69.65,5.1,37.5,0.44,0.75,9.6,7.1,0.0,4.8,18.0,0.66,0.35,0.43,0.27,Hybrid,South,Tablet
C0013,56.0,74661.0,61.3,19.0,108.8,7.7,67.8,0.81,0.27,9.7,6.9,3.0,4.1,13.0,0.73,0.64,0.51,0.11,Store,East,Desktop
C0014,40.0,69044.0,56.0,26.0,90.21,8.3,72.7,0.51,0.56,5.7,2.8,2.0,3.9,12.0,0.77,0.36,0.53,0.29,Online,North,Tablet
C0015,50.0,,36.7,31.0,105.69,7.1,63.8,0.58,0.31,4.8,9.2,0.0,2.8,13.0,0.39,0.49,0.07,0.09,Hybrid,North,Mobile
C0016,44.0,69415.0,56.2,15.0,79.29,13.0,75.9,0.66,0.41,7.8,3.7,4.0,3.3,4.0,0.67,0.39,0.18,0.24,Online,East,Mobile
C0017,54.0,81443.0,36.8,24.0,58.14,5.8,71.4,0.4,0.62,10.0,9.3,0.0,5.0,15.0,0.6,0.5,0.1,0.0,Store,North,Mobile
C0018,27.0,68015.0,94.1,15.0,140.58,12.2,59.9,0.59,0.34,4.0,9.9,2.0,3.9,6.0,0.56,0.39,0.4,0.1,Hybrid,North,Tablet
C0019,35.0,48773.0,35.7,16.0,135.31,4.9,39.0,0.6,0.28,6.2,6.6,2.0,4.3,12.0,0.86,0.46,0.24,0.08,Hybrid,South,Mobile
C0020,50.0,84583.0,91.1,19.0,116.75,8.2,70.0,0.24,0.66,9.4,7.8,,3.4,15.0,0.5,0.26,0.26,0.24,Hybrid,South,Tablet
C0021,55.0,54078.0,56.1,28.0,81.14,11.5,53.7,0.6,0.41,8.1,1.0,1.0,4.1,20.0,0.38,0.6,0.29,0.13,Online,North,Tablet
C0022,46.0,86997.0,91.8,21.0,83.59,11.4,59.3,0.54,0.6,11.5,5.1,0.0,3.0,9.0,0.77,0.54,0.37,0.0,Store,West,Desktop
C0023,25.0,52660.0,88.9,19.0,130.71,6.7,75.2,0.58,0.28,4.5,7.9,1.0,4.2,23.0,0.37,0.18,0.14,0.02,Online,East,Tablet
C0024,30.0,71154.0,60.2,24.0,82.09,9.7,89.3,0.56,0.65,13.9,7.5,4.0,4.4,20.0,0.28,0.7,0.17,0.04,Hybrid,West,Tablet
C0025,34.0,87207.0,64.1,15.0,74.29,9.3,67.4,0.6,0.45,4.2,2.8,0.0,4.4,11.0,0.79,0.46,0.32,0.19,Store,West,Tablet
C0026,49.0,37506.0,34.4,27.0,144.42,6.4,76.3,0.82,0.48,2.9,4.9,1.0,3.4,7.0,0.66,0.53,0.46,0.18,Online,East,Tablet
C0027,37.0,121290.0,96.4,33.0,90.67,9.8,46.3,0.31,0.42,7.9,1.0,2.0,3.8,5.0,0.72,0.65,0.32,0.1,Hybrid,South,Desktop
C0028,30.0,84058.0,62.2,23.0,141.52,13.6,71.7,0.48,0.31,5.2,6.4,1.0,4.5,16.0,0.55,0.57,0.23,0.08,Online,West,Mobile
C0029,58.0,56815.0,41.2,22.0,52.85,9.4,67.1,0.68,0.4,7.9,1.4,1.0,3.9,10.0,0.38,0.73,0.06,0.18,Online,East,Mobile
C0030,53.0,,91.2,27.0,106.51,9.7,86.4,0.65,0.32,7.8,8.0,1.0,3.9,21.0,0.42,0.44,0.43,0.03,Hybrid,South,Desktop
C0031,51.0,103651.0,74.1,8.0,149.99,10.0,59.9,0.64,0.57,7.5,8.1,2.0,5.0,10.0,0.58,0.71,0.23,0.16,Store,South,Desktop
C0032,28.0,62575.0,85.2,28.0,92.83,3.6,64.4,1.0,0.36,5.9,4.5,0.0,3.3,9.0,0.4,0.52,0.18,0.15,Store,North,Desktop
C0033,38.0,65901.0,96.8,49.0,84.61,9.4,83.9,0.67,0.13,9.1,6.6,,5.0,15.0,0.69,0.6,0.11,0.1,Online,West,Mobile
C0034,50.0,,42.0,23.0,59.3,4.9,66.6,0.78,0.1,7.2,5.0,2.0,3.2,10.0,0.55,0.58,0.15,0.15,Online,West,Desktop
C0035,36.0,59828.0,65.5,23.0,122.31,6.2,51.4,0.49,0.09,10.8,6.0,1.0,4.6,14.0,0.66,0.75,0.2,0.13,Online,East,Desktop
C0036,24.0,39663.0,88.1,30.0,70.44,14.5,100.0,0.35,0.51,7.5,3.0,0.0,4.7,20.0,0.66,0.64,0.29,0.16,Online,North,Tablet
C0037,36.0,77979.0,64.4,37.0,89.35,7.2,51.8,0.49,0.19,5.6,6.9,1.0,3.7,15.0,0.7,0.41,0.17,0.01,Online,West,Tablet
C0038,29.0,71075.0,73.5,32.0,57.43,5.8,67.0,0.69,0.45,3.8,1.9,2.0,3.1,15.0,0.72,0.37,0.34,0.17,Online,North,Desktop
C0039,32.0,79837.0,90.2,7.0,135.59,11.5,73.2,0.63,0.42,7.6,1.5,1.0,2.5,15.0,0.57,0.49,0.29,0.2,Store,North,Tablet
C0040,61.0,82436.0,34.3,29.0,124.34,5.2,72.0,0.63,0.39,4.8,5.2,3.0,3.6,4.0,0.66,0.35,0.59,0.15,Online,North,Mobile
C0041,19.0,55160.0,61.7,45.0,91.12,6.7,65.2,0.51,0.48,4.6,5.0,0.0,4.5,16.0,0.67,0.29,0.12,0.17,Store,South,Tablet
C0042,23.0,59712.0,53.5,29.0,59.68,11.7,65.2,0.48,0.43,9.3,6.1,0.0,3.2,15.0,0.19,0.07,0.34,0.11,Hybrid,South,Tablet
C0043,59.0,78045.0,56.2,15.0,135.01,8.1,64.5,0.51,0.0,3.6,4.1,2.0,4.2,19.0,0.75,0.19,0.34,0.19,Online,West,Mobile
C0044,41.0,100772.0,90.4,26.0,81.75,3.3,51.3,0.69,0.34,11.5,9.6,1.0,2.9,18.0,0.66,0.9,0.2,0.13,Store,South,Tablet
C0045,26.0,59356.0,95.5,14.0,61.05,9.6,100.0,0.72,0.48,8.4,5.9,3.0,3.9,13.0,0.73,0.37,0.33,0.03,Online,West,Desktop
C0046,41.0,67718.0,67.3,34.0,42.66,6.8,64.7,0.35,0.7,7.9,6.0,1.0,3.2,20.0,0.4,0.88,0.41,0.19,Online,South,Mobile
C0047,40.0,94153.0,90.1,16.0,73.91,12.6,77.0,0.7,0.7,5.4,5.9,2.0,4.0,12.0,0.57,0.58,0.33,0.0,Store,East,Desktop
C0048,37.0,95156.0,57.2,25.0,51.27,6.2,63.0,0.42,0.15,9.9,7.7,2.0,3.7,15.0,0.43,0.49,0.49,0.14,Online,East,Tablet
C0049,59.0,54715.0,63.9,17.0,74.56,11.2,62.7,0.64,0.34,8.0,6.8,,3.1,12.0,0.76,0.2,0.06,0.09,Online,West,Tablet
C0050,27.0,65801.0,72.0,20.0,112.84,13.3,61.2,0.51,0.12,6.3,6.5,5.0,3.6,17.0,0.38,0.5,0.22,0.08,Hybrid,West,Desktop
C0051,35.0,92133.0,63.2,36.0,81.49,5.4,44.8,0.86,0.67,8.5,7.1,0.0,3.4,12.0,0.46,0.88,0.5,0.13,Online,West,Desktop
C0052,35.0,69432.0,75.1,25.0,101.96,7.4,65.6,0.47,0.58,3.8,1.5,3.0,3.0,24.0,0.73,0.81,0.43,0.06,Store,West,Desktop
C0053,44.0,87256.0,89.4,20.0,71.75,9.2,61.9,0.59,0.46,3.9,1.6,0.0,5.0,26.0,0.52,0.55,0.38,0.16,Store,North,Tablet
C0054,28.0,111506.0,,15.0,93.82,5.4,85.6,0.67,0.43,5.2,5.3,,3.8,19.0,0.46,0.27,0.47,0.12,Online,North,Desktop
C0055,40.0,105134.0,84.7,9.0,145.79,8.8,50.0,0.38,0.65,8.9,5.1,1.0,2.3,23.0,0.79,0.31,0.09,0.07,Store,South,Desktop
C0056,29.0,85870.0,79.9,14.0,82.24,7.3,59.3,0.54,0.62,8.0,6.8,1.0,3.6,5.0,0.8,0.33,0.42,0.23,Online,North,Tablet
C0057,50.0,64391.0,,25.0,102.76,7.3,54.5,0.5,0.61,10.6,5.5,1.0,4.8,5.0,0.76,0.76,0.45,0.14,Online,South,Desktop
C0058,19.0,48911.0,95.4,32.0,48.17,8.1,89.6,0.45,0.48,5.7,6.8,3.0,3.5,12.0,0.78,0.83,0.24,0.17,Hybrid,East,Mobile
C0059,48.0,66515.0,51.6,20.0,134.56,8.2,55.0,0.46,0.34,9.4,2.8,2.0,5.0,14.0,0.59,0.54,0.64,0.23,Online,South,Mobile
C0060,54.0,70503.0,41.1,37.0,78.64,8.5,76.4,0.77,0.54,7.7,5.5,1.0,3.4,13.0,0.59,0.44,0.34,0.23,Store,North,Mobile
C0061,37.0,62266.0,51.8,18.0,121.41,6.2,82.6,0.43,0.55,5.6,2.5,0.0,4.5,4.0,0.51,0.81,0.06,0.17,Online,West,Desktop
C0062,58.0,74394.0,56.9,22.0,88.55,6.3,65.8,0.66,0.37,9.0,6.4,2.0,4.9,21.0,0.66,0.3,0.37,0.1,Online,South,Desktop
C0063,44.0,80271.0,95.8,15.0,109.12,7.6,47.3,0.61,0.34,7.8,1.4,0.0,4.5,27.0,0.53,0.51,0.23,0.01,Store,West,Mobile
C0064,35.0,84778.0,60.5,32.0,110.79,7.9,47.5,0.27,0.6,6.4,6.3,3.0,3.0,22.0,0.55,0.59,0.46,0.14,Store,East,Tablet
C0065,49.0,,82.0,41.0,79.33,6.7,80.9,0.65,0.7,8.1,2.3,3.0,3.3,21.0,0.74,0.33,0.39,0.21,Online,East,Mobile
C0066,40.0,120892.0,100.0,10.0,122.57,9.0,49.1,0.27,0.27,7.7,4.7,4.0,5.0,15.0,0.84,0.37,0.25,0.15,Store,West,Mobile
C0067,35.0,74068.0,61.8,21.0,70.75,2.6,73.9,0.68,0.35,7.6,7.5,,3.5,9.0,0.7,0.36,0.5,0.0,Online,South,Tablet
C0068,39.0,99175.0,86.6,34.0,113.78,5.8,69.7,0.45,0.46,7.0,6.0,1.0,4.9,14.0,0.95,0.78,0.43,0.19,Online,North,Mobile
C0069,37.0,58137.0,63.0,12.0,81.07,7.2,73.7,0.55,0.49,4.7,1.9,0.0,3.8,27.0,0.5,0.88,0.22,0.19,Hybrid,West,Tablet
C0070,40.0,85485.0,90.4,29.0,101.79,5.4,75.1,0.29,0.31,8.2,4.0,2.0,4.2,12.0,0.3,0.52,0.3,0.1,Store,East,Tablet
C0071,25.0,68037.0,66.7,34.0,79.06,12.9,54.0,0.57,0.74,6.0,2.2,0.0,3.0,11.0,0.76,0.45,0.38,0.2,Online,South,Tablet
C0072,37.0,71425.0,82.3,25.0,93.4,8.1,53.4,0.74,0.48,5.4,1.8,1.0,3.6,21.0,0.49,0.38,0.28,0.17,Hybrid,East,Tablet
C0073,37.0,86993.0,89.8,28.0,61.91,8.5,78.7,0.39,0.5,7.4,5.8,2.0,3.4,21.0,0.58,0.5,0.28,0.07,Online,South,Desktop
C0074,32.0,60953.0,81.8,38.0,98.93,6.6,58.6,0.43,0.72,9.8,6.7,,4.3,9.0,0.31,0.39,0.32,0.22,Hybrid,West,Desktop
C0075,65.0,73632.0,57.7,40.0,93.24,8.0,26.7,0.64,0.32,8.5,6.5,3.0,4.2,12.0,0.47,0.48,0.19,0.02,Hybrid,East,Desktop
C0076,38.0,73063.0,100.0,24.0,76.88,4.4,77.7,0.65,0.38,6.7,6.8,1.0,4.5,11.0,0.36,0.58,0.05,0.12,Online,South,Desktop
C0077,43.0,106698.0,89.1,20.0,90.46,7.5,52.5,0.06,0.17,6.6,5.5,0.0,3.7,14.0,0.55,0.42,0.35,0.11,Online,East,Tablet
C0078,33.0,81813.0,74.4,17.0,95.75,5.2,75.0,0.95,0.37,9.6,4.9,0.0,3.4,21.0,0.56,0.46,0.08,0.05,Hybrid,West,Desktop
C0079,61.0,72739.0,50.3,32.0,74.74,7.2,88.9,0.66,0.13,2.0,3.1,0.0,4.2,9.0,0.65,0.46,0.2,0.14,Hybrid,South,Desktop
C0080,49.0,48937.0,54.3,13.0,88.39,1.0,68.3,0.69,0.53,10.0,4.5,0.0,3.3,21.0,0.85,0.44,0.11,0.22,Online,West,Tablet
C0081,39.0,,52.4,22.0,63.84,4.6,82.9,0.52,0.48,3.3,2.6,1.0,5.0,15.0,0.75,0.41,0.12,0.22,Online,North,Mobile
C0082,33.0,,98.8,25.0,157.68,12.4,70.3,0.18,0.35,4.5,3.6,3.0,4.0,28.0,0.34,0.65,0.37,0.18,Online,North,Desktop
C0083,32.0,55141.0,82.9,20.0,121.66,10.5,91.8,0.68,0.38,6.7,5.7,1.0,3.8,16.0,0.74,0.15,0.29,0.0,Hybrid,West,Tablet
C0084,31.0,67722.0,47.9,26.0,99.65,12.0,52.1,0.44,0.54,13.4,5.2,1.0,4.5,13.0,0.65,0.81,0.29,0.01,Hybrid,East,Tablet
C0085,60.0,67839.0,62.7,45.0,124.82,12.2,67.9,0.66,0.2,12.2,12.2,4.0,4.0,17.0,0.61,0.53,0.16,0.13,Hybrid,North,Mobile
C0086,56.0,70852.0,66.2,23.0,36.58,10.0,78.1,0.51,0.44,9.8,2.5,4.0,2.8,12.0,0.63,0.62,0.24,0.12,Online,East,Mobile
C0087,28.0,72639.0,85.8,21.0,20.38,6.6,65.1,0.6,0.53,8.9,5.2,1.0,3.3,3.0,0.67,0.65,0.37,0.08,Hybrid,South,Mobile
C0088,49.0,70035.0,97.7,32.0,80.82,4.9,85.3,0.4,0.08,3.3,2.4,0.0,4.9,13.0,0.51,0.36,0.31,0.27,Online,South,Tablet
C0089,34.0,57372.0,58.7,26.0,53.4,11.4,61.5,0.72,0.52,8.4,4.6,1.0,4.2,12.0,0.6,0.32,0.42,0.13,Online,South,Mobile
C0090,39.0,59423.0,54.1,36.0,85.38,8.2,99.0,0.31,0.1,6.6,4.7,1.0,2.8,4.0,0.84,0.29,0.44,0.16,Online,South,Mobile
C0091,52.0,109710.0,78.3,25.0,97.76,15.5,99.8,1.0,0.38,6.0,7.4,3.0,4.4,14.0,0.5,0.45,0.29,0.2,Online,West,Desktop
C0092,29.0,69688.0,64.6,22.0,117.77,6.9,72.2,1.0,0.19,8.4,4.5,0.0,3.7,3.0,0.44,0.64,0.1,0.12,Store,South,Tablet
C0093,37.0,61928.0,56.5,10.0,60.13,13.9,76.3,0.88,0.66,6.8,5.1,1.0,3.4,12.0,0.62,0.38,0.23,0.33,Online,South,Mobile
C0094,36.0,102399.0,80.3,11.0,103.19,7.5,85.9,0.81,0.19,10.2,4.6,3.0,3.2,15.0,0.43,0.62,0.31,0.04,Online,West,Mobile
C0095,35.0,75664.0,47.2,9.0,92.4,12.0,50.2,0.53,0.1,3.2,2.4,2.0,4.9,15.0,0.32,0.03,0.23,0.07,Hybrid,East,Mobile
C0096,39.0,103315.0,77.9,27.0,101.73,13.1,48.3,0.78,0.42,8.2,4.1,1.0,2.5,12.0,0.57,0.42,0.19,0.04,Online,North,Mobile
C0097,30.0,65014.0,78.2,13.0,77.45,4.9,86.8,0.53,0.33,5.8,4.7,1.0,3.4,13.0,0.89,0.73,0.33,0.25,Online,East,Mobile
C0098,70.0,54210.0,50.8,34.0,130.73,6.5,72.1,0.24,0.13,7.0,5.7,2.0,4.2,9.0,0.62,0.47,0.61,0.18,Online,East,Mobile
C0099,53.0,48720.0,58.2,24.0,89.1,4.9,64.6,0.85,0.49,8.8,6.7,1.0,5.0,14.0,0.66,0.33,0.26,0.08,Online,East,Desktop
C0100,18.0,72754.0,65.7,22.0,141.68,4.3,68.2,0.78,0.04,5.2,5.0,0.0,4.5,14.0,0.25,0.37,0.32,0.05,Online,North,Mobile
C0101,35.0,70857.0,60.8,17.0,69.87,10.0,32.2,0.54,0.21,8.4,4.9,0.0,3.4,9.0,0.71,0.0,0.16,0.23,Store,South,Desktop
C0102,28.0,30343.0,81.4,29.0,112.8,7.4,65.1,0.3,0.3,7.5,1.7,0.0,5.0,16.0,0.65,0.3,0.47,0.15,Online,East,Desktop
C0103,28.0,96056.0,66.8,18.0,90.33,8.2,56.7,0.43,0.54,6.3,6.7,6.0,3.0,16.0,0.51,0.71,0.42,0.23,Online,East,Desktop
C0104,36.0,64741.0,77.5,16.0,82.82,9.7,81.8,0.19,0.63,6.8,4.0,0.0,4.3,13.0,0.66,0.38,0.42,0.12,Hybrid,East,Desktop
C0105,25.0,41656.0,68.9,34.0,109.7,2.4,82.9,0.74,0.6,7.6,7.1,2.0,4.5,29.0,0.66,0.41,0.48,0.16,Online,West,Desktop
C0106,35.0,70778.0,70.7,27.0,83.62,11.9,76.7,0.23,0.37,6.1,8.4,1.0,3.4,13.0,0.44,0.03,0.27,0.14,Hybrid,East,Tablet
C0107,29.0,107614.0,74.6,22.0,20.0,7.0,73.9,0.61,0.0,8.0,5.1,1.0,4.7,12.0,0.69,0.17,0.28,0.07,Online,South,Mobile
C0108,59.0,70393.0,52.5,29.0,20.0,9.6,45.5,0.38,0.47,7.3,3.2,2.0,3.7,11.0,0.85,0.74,0.53,0.11,Hybrid,East,Desktop
C0109,48.0,109640.0,90.1,24.0,127.63,9.9,76.9,0.26,0.66,6.5,5.5,0.0,4.7,8.0,0.59,0.62,0.4,0.03,Online,South,Desktop
C0110,52.0,65649.0,42.9,27.0,126.45,12.1,77.4,0.6,0.62,12.0,6.3,3.0,2.6,18.0,0.47,0.24,0.05,0.16,Store,South,Desktop
C0111,38.0,116464.0,88.8,17.0,144.85,7.7,86.7,0.48,0.48,9.0,4.8,2.0,4.4,10.0,0.6,0.37,0.37,0.18,Store,East,Mobile
C0112,34.0,54401.0,68.2,41.0,91.51,1.6,99.8,0.72,0.19,7.0,4.3,1.0,3.8,11.0,0.78,0.49,0.25,0.2,Store,South,Mobile
C0113,56.0,56943.0,40.6,19.0,55.81,8.2,42.6,0.3,0.31,8.4,6.7,1.0,5.0,11.0,0.41,0.26,0.43,0.17,Hybrid,East,Tablet
C0114,43.0,82672.0,88.6,36.0,80.25,8.6,62.2,0.4,0.75,5.4,6.6,1.0,4.1,8.0,0.73,0.1,0.37,0.11,Online,East,Tablet
C0115,57.0,37962.0,,22.0,92.32,4.9,56.9,0.07,0.14,6.9,4.7,4.0,5.0,3.0,0.51,0.47,0.11,0.24,Online,West,Desktop
C0116,52.0,,30.6,30.0,63.8,8.4,70.6,0.11,0.19,7.2,1.9,1.0,4.5,11.0,0.67,0.61,0.35,0.19,Hybrid,North,Mobile
C0117,29.0,58888.0,79.1,30.0,138.16,6.9,68.2,0.91,0.57,4.9,6.5,2.0,4.0,19.0,0.53,0.62,0.35,0.23,Hybrid,South,Desktop
C0118,24.0,69511.0,78.4,33.0,154.71,4.0,64.5,0.97,0.32,9.0,3.8,0.0,4.7,15.0,0.53,0.68,0.36,0.24,Online,West,Mobile
C0119,27.0,73856.0,97.6,17.0,105.39,10.0,83.4,0.57,0.19,6.7,6.0,2.0,4.7,23.0,0.9,0.19,0.39,0.11,Store,South,Mobile
C0120,27.0,73840.0,84.8,33.0,91.7,6.3,51.5,0.39,0.68,7.1,5.8,0.0,4.5,19.0,0.38,0.51,0.5,0.15,Hybrid,East,Mobile
C0121,31.0,104493.0,93.6,39.0,55.74,6.8,52.4,0.49,0.48,6.6,1.3,1.0,2.3,17.0,0.72,0.45,0.37,0.18,Hybrid,East,Mobile
C0122,44.0,67155.0,65.3,22.0,135.3,6.6,52.6,0.72,0.33,15.4,5.7,1.0,3.3,25.0,0.94,0.48,0.32,0.03,Hybrid,West,Mobile
C0123,59.0,55717.0,45.1,24.0,94.14,11.7,62.6,0.45,0.19,6.3,6.6,1.0,5.0,13.0,0.75,0.46,0.46,0.03,Hybrid,North,Mobile
C0124,36.0,78709.0,84.8,20.0,83.9,7.9,49.6,0.6,0.77,2.8,6.9,2.0,3.1,14.0,0.39,0.37,0.59,0.02,Online,South,Desktop
C0125,36.0,57797.0,49.8,21.0,105.47,8.2,67.3,0.55,0.4,4.0,5.8,1.0,4.8,14.0,0.4,0.0,0.43,0.11,Store,South,Tablet
C0126,47.0,65300.0,43.0,38.0,75.6,6.7,65.5,0.44,0.65,9.9,1.2,0.0,4.7,23.0,0.49,0.73,0.34,0.09,Online,East,Mobile
C0127,24.0,50347.0,80.6,16.0,96.11,9.4,56.2,0.44,0.56,11.3,8.3,0.0,3.5,14.0,0.66,0.57,0.37,0.01,Online,West,Mobile
C0128,33.0,76096.0,66.7,16.0,51.61,12.0,81.1,0.61,0.31,6.3,6.4,3.0,2.5,10.0,0.67,0.2,0.35,0.13,Hybrid,North,Mobile
C0129,60.0,66247.0,64.0,37.0,122.44,9.9,67.1,0.35,0.31,11.2,2.9,0.0,3.6,18.0,0.4,0.59,0.32,0.11,Store,North,Desktop
C0130,45.0,62448.0,54.8,29.0,89.08,10.1,83.9,0.64,0.66,9.9,3.8,0.0,5.0,9.0,0.47,0.41,0.58,0.21,Online,West,Tablet
C0131,59.0,49637.0,50.8,41.0,124.45,9.8,65.1,0.46,0.66,7.5,6.0,4.0,3.4,17.0,0.48,0.42,0.23,0.28,Store,East,Mobile
C0132,56.0,50228.0,47.4,20.0,86.37,3.9,67.6,0.58,0.06,7.3,7.0,1.0,3.5,16.0,0.6,0.35,0.46,0.16,Online,East,Mobile
C0133,32.0,74115.0,96.2,25.0,88.19,5.4,59.6,0.83,0.5,8.5,4.4,1.0,3.3,13.0,0.99,0.61,0.3,0.06,Online,North,Mobile
C0134,54.0,,48.7,19.0,58.06,7.4,67.9,0.52,0.38,10.2,7.3,1.0,5.0,17.0,0.46,0.34,0.14,0.17,Store,East,Desktop
C0135,26.0,77223.0,71.9,25.0,113.27,5.8,78.7,0.73,0.21,9.0,1.6,0.0,3.9,5.0,0.45,0.28,0.3,0.12,Store,South,Desktop
C0136,41.0,75167.0,95.6,10.0,67.48,4.8,61.8,0.19,0.45,6.3,3.2,1.0,3.6,15.0,0.43,0.73,0.25,0.1,Online,East,Desktop
C0137,55.0,62208.0,45.2,29.0,78.38,2.4,75.8,0.46,0.16,7.6,1.0,2.0,5.0,11.0,0.74,0.46,0.39,0.05,Online,North,Mobile
C0138,36.0,55512.0,78.2,27.0,92.03,4.0,55.8,0.56,0.32,13.0,3.5,0.0,4.6,31.0,0.62,0.47,0.33,0.08,Store,South,Tablet
C0139,41.0,100946.0,83.4,24.0,95.39,7.2,79.4,0.93,0.26,8.6,8.8,0.0,3.4,15.0,0.47,0.64,0.2,0.11,Online,East,Desktop
C0140,43.0,99584.0,86.8,21.0,44.23,7.8,59.3,0.16,0.31,10.2,10.0,2.0,3.1,10.0,0.56,0.37,0.5,0.18,Hybrid,East,Tablet
C0141,42.0,90286.0,60.1,17.0,85.54,5.6,80.8,0.53,0.39,9.3,6.0,1.0,5.0,6.0,0.49,0.41,0.45,0.16,Online,West,Tablet
C0142,20.0,36606.0,85.8,30.0,114.27,8.2,68.9,0.84,0.22,8.7,4.1,0.0,4.1,22.0,0.68,0.56,0.51,0.27,Hybrid,West,Mobile
C0143,33.0,112112.0,88.3,15.0,81.41,6.7,90.8,0.39,0.68,8.3,5.0,0.0,2.9,12.0,1.0,0.19,0.35,0.17,Online,North,Mobile
C0144,33.0,94971.0,92.6,28.0,85.71,11.3,50.7,0.51,0.49,10.2,6.5,2.0,2.7,9.0,0.73,0.54,0.32,0.15,Online,North,Tablet
C0145,36.0,72730.0,75.4,41.0,96.55,7.5,45.9,0.62,0.72,9.8,2.1,2.0,3.2,16.0,0.61,0.35,0.4,0.1,Online,South,Tablet
C0146,30.0,59246.0,65.9,36.0,88.47,10.1,58.8,0.59,0.37,8.7,4.2,0.0,3.1,18.0,0.51,0.67,0.25,0.04,Hybrid,West,Desktop
C0147,31.0,63023.0,86.9,12.0,63.15,8.6,47.2,0.86,0.3,6.3,8.7,1.0,2.5,18.0,0.39,0.61,0.34,0.07,Hybrid,South,Mobile
C0148,29.0,68477.0,69.0,20.0,90.98,3.8,47.3,0.64,0.72,9.0,3.2,,3.2,14.0,0.76,0.58,0.3,0.06,Online,West,Mobile
C0149,38.0,62564.0,61.1,27.0,119.83,7.7,77.3,0.82,0.3,7.8,3.9,1.0,3.4,15.0,0.75,0.18,0.14,0.0,Online,North,Tablet
C0150,18.0,31470.0,,23.0,62.57,4.3,67.9,0.48,0.37,7.2,5.5,1.0,3.7,15.0,0.55,0.48,0.34,0.04,Online,West,Tablet
C0151,31.0,53624.0,76.6,13.0,81.51,7.7,60.8,0.4,0.53,14.7,6.1,1.0,5.0,16.0,0.85,0.26,0.27,0.25,Store,North,Mobile
C0152,38.0,93590.0,83.4,27.0,53.31,5.8,62.2,0.5,0.18,4.2,4.1,1.0,3.9,17.0,0.63,0.49,0.29,0.15,Online,West,Tablet
C0153,24.0,58267.0,72.5,24.0,118.36,9.1,59.0,0.32,0.53,10.4,5.7,1.0,4.0,21.0,0.77,0.04,0.36,0.09,Hybrid,West,Mobile
C0154,39.0,85066.0,84.9,39.0,89.41,4.0,92.8,0.65,0.51,5.8,6.8,0.0,4.5,14.0,0.68,0.19,0.47,0.15,Online,South,Mobile
C0155,48.0,76844.0,89.5,22.0,68.19,8.0,57.0,0.47,0.63,8.3,9.8,3.0,3.9,9.0,0.6,0.74,0.22,0.0,Hybrid,South,Desktop
C0156,58.0,55961.0,51.9,33.0,94.58,9.7,48.2,0.42,0.56,14.4,5.2,1.0,4.4,13.0,0.46,0.57,0.28,0.14,Hybrid,East,Desktop
C0157,29.0,52800.0,78.3,14.0,58.3,10.7,79.9,0.65,0.63,5.6,5.4,2.0,4.3,19.0,0.6,0.43,0.23,0.22,Online,East,Tablet
C0158,57.0,46418.0,32.1,16.0,63.06,5.7,64.8,0.32,0.38,6.2,8.9,2.0,4.2,3.0,0.78,0.32,0.22,0.11,Online,North,Mobile
C0159,46.0,60057.0,,30.0,51.12,8.1,98.6,0.7,0.24,8.0,4.3,1.0,5.0,3.0,0.54,0.28,0.25,0.0,Hybrid,North,Tablet
C0160,32.0,80350.0,63.4,33.0,62.13,8.6,60.1,0.45,0.78,5.9,2.6,2.0,4.8,20.0,0.71,0.54,0.3,0.09,Online,West,Desktop
C0161,40.0,80613.0,60.4,16.0,130.01,12.6,80.7,0.78,0.13,10.2,6.1,2.0,3.2,23.0,0.44,0.43,0.39,0.22,Store,West,Mobile
C0162,53.0,57870.0,36.1,24.0,71.47,3.6,84.2,0.47,0.14,6.7,7.9,1.0,4.4,6.0,0.77,0.81,0.36,0.14,Hybrid,North,Tablet
C0163,52.0,86944.0,91.1,13.0,105.05,5.3,60.2,0.68,0.5,9.6,6.3,1.0,3.5,15.0,0.69,0.46,0.19,0.01,Online,West,Desktop
C0164,37.0,88867.0,100.0,23.0,68.58,16.4,56.9,0.59,0.69,4.7,5.3,0.0,4.5,12.0,0.41,0.51,0.48,0.31,Hybrid,West,Desktop
C0165,55.0,95618.0,97.4,31.0,113.27,7.2,79.1,0.7,0.43,3.5,2.3,1.0,3.0,12.0,0.59,0.22,0.43,0.02,Online,West,Mobile
C0166,35.0,51267.0,63.4,21.0,63.27,2.3,76.6,0.57,0.58,7.4,5.4,0.0,3.2,16.0,0.8,0.43,0.21,0.1,Store,North,Tablet
C0167,32.0,95301.0,84.2,22.0,93.1,6.3,46.8,0.22,0.04,4.1,8.2,0.0,4.4,6.0,0.4,0.54,0.47,0.04,Online,East,Tablet
C0168,18.0,26534.0,81.6,15.0,93.48,1.0,51.1,0.75,0.31,11.8,2.8,3.0,4.9,7.0,0.44,0.43,0.36,0.04,Online,North,Mobile
C0169,33.0,103158.0,,19.0,157.18,8.7,30.0,0.53,0.06,4.2,5.0,1.0,4.5,12.0,0.62,0.4,0.3,0.08,Online,North,Tablet
C0170,21.0,44188.0,93.4,38.0,109.65,10.4,76.9,0.71,0.54,5.4,4.6,2.0,4.8,13.0,1.0,0.57,0.36,0.17,Online,North,Tablet
C0171,18.0,73908.0,80.9,25.0,75.4,5.3,64.1,0.69,0.12,9.0,4.0,1.0,4.4,7.0,0.51,0.8,0.32,0.22,Online,South,Desktop
C0172,25.0,34567.0,88.0,16.0,111.18,6.6,65.6,0.4,0.17,6.5,6.0,1.0,4.2,19.0,0.72,0.53,0.39,0.09,Online,East,Tablet
C0173,20.0,54834.0,61.8,21.0,151.87,10.8,42.6,0.37,0.49,4.2,6.5,4.0,3.7,11.0,0.68,0.73,0.34,0.04,Store,North,Desktop
C0174,62.0,53942.0,60.2,11.0,46.37,2.7,51.5,0.68,0.59,13.1,6.5,2.0,4.8,11.0,0.52,0.62,0.28,0.16,Online,North,Tablet
C0175,49.0,65655.0,33.2,16.0,68.41,4.0,60.8,0.49,0.37,5.5,3.4,0.0,4.9,16.0,0.66,0.72,0.08,0.16,Online,South,Mobile
C0176,51.0,118639.0,79.6,35.0,85.37,7.3,57.9,0.74,0.5,7.5,1.9,0.0,4.0,13.0,0.55,0.38,0.38,0.14,Online,North,Mobile
C0177,60.0,74444.0,56.6,23.0,80.32,5.7,69.8,0.51,0.5,7.5,6.1,0.0,4.0,19.0,0.57,0.46,0.28,0.14,Online,West,Desktop
C0178,28.0,62395.0,84.9,39.0,82.68,7.1,76.8,0.75,0.36,9.8,4.4,2.0,5.0,8.0,0.33,0.46,0.41,0.11,Online,North,Mobile
C0179,28.0,77137.0,60.6,23.0,55.48,4.2,100.0,0.63,0.2,9.2,9.5,1.0,4.1,6.0,0.63,0.61,0.38,0.13,Online,South,Tablet
C0180,53.0,65080.0,56.5,24.0,131.31,8.6,67.7,0.61,0.5,5.9,9.6,1.0,4.2,12.0,0.79,0.66,0.28,0.11,Store,South,Mobile
C0181,40.0,67890.0,76.7,29.0,52.17,7.6,84.7,0.48,0.51,7.2,9.9,0.0,4.5,14.0,0.64,0.53,0.44,0.21,Store,North,Tablet
C0182,25.0,73599.0,70.6,3.0,86.39,9.6,55.6,0.6,0.56,7.4,3.4,0.0,4.0,7.0,0.83,0.68,0.34,0.3,Store,West,Desktop
C0183,37.0,,82.1,26.0,121.28,8.6,42.9,0.79,0.46,9.9,6.8,1.0,3.4,6.0,0.73,0.39,0.34,0.13,Online,North,Tablet
C0184,55.0,93144.0,54.4,24.0,91.15,8.6,62.7,0.54,0.19,5.1,7.4,1.0,4.4,15.0,0.62,0.68,0.3,0.12,Hybrid,South,Tablet
C0185,54.0,108478.0,96.7,36.0,64.58,3.7,44.0,0.66,0.52,13.0,7.2,0.0,4.1,9.0,0.52,0.7,0.52,0.14,Store,East,Tablet
C0186,40.0,107011.0,97.2,32.0,54.24,9.5,68.2,0.56,0.4,6.1,4.7,1.0,5.0,5.0,0.54,0.64,0.23,0.07,Store,South,Desktop
C0187,37.0,48078.0,70.9,15.0,85.56,7.0,56.3,0.57,0.31,8.0,8.3,4.0,4.7,20.0,0.37,0.53,0.28,0.18,Online,South,Tablet
C0188,39.0,74744.0,99.0,34.0,70.8,7.5,38.7,0.89,0.35,5.1,5.5,3.0,3.6,10.0,0.58,0.64,0.17,0.16,Online,North,Mobile
C0189,30.0,76865.0,70.0,22.0,97.75,11.1,94.0,0.79,0.28,4.8,5.8,2.0,4.7,21.0,0.66,0.32,0.41,0.09,Online,South,Desktop
C0190,41.0,83808.0,94.1,17.0,52.76,5.8,59.9,0.57,0.56,5.8,2.1,2.0,4.3,14.0,0.94,0.54,0.25,0.19,Online,North,Mobile
C0191,48.0,79035.0,50.8,26.0,114.77,12.1,43.4,0.59,0.14,5.6,6.9,1.0,5.0,16.0,0.73,0.56,0.26,0.12,Store,South,Mobile
C0192,49.0,61591.0,38.2,22.0,95.24,12.3,81.5,0.41,0.22,7.0,4.9,0.0,3.7,13.0,0.47,0.23,0.26,0.04,Online,South,Desktop
C0193,44.0,66072.0,57.2,36.0,97.32,10.3,57.1,0.52,0.34,5.6,6.5,3.0,4.3,3.0,0.37,0.59,0.33,0.15,Online,South,Mobile
C0194,43.0,83672.0,,27.0,132.35,5.1,84.4,0.61,0.69,9.7,6.0,0.0,4.0,7.0,0.59,0.25,0.17,0.14,Online,North,Desktop
C0195,43.0,74712.0,53.7,26.0,79.74,1.4,57.0,0.72,0.59,6.0,5.9,2.0,4.1,13.0,0.78,0.41,0.05,0.2,Online,West,Desktop
C0196,25.0,43203.0,78.6,31.0,71.68,11.2,59.9,0.7,0.1,5.8,5.4,1.0,3.4,16.0,0.59,0.51,0.37,0.19,Online,North,Mobile
C0197,40.0,116324.0,80.0,33.0,76.66,8.3,73.2,0.33,0.64,7.0,7.2,2.0,4.6,3.0,0.73,0.35,0.07,0.11,Online,North,Desktop
C0198,25.0,66946.0,70.8,30.0,86.61,5.8,76.9,0.75,0.64,10.5,5.1,3.0,4.4,14.0,0.6,0.52,0.42,0.08,Online,North,Tablet
C0199,47.0,83739.0,84.3,35.0,89.45,11.5,79.5,0.53,0.19,8.5,2.3,5.0,5.0,7.0,0.76,0.51,0.51,0.12,Online,West,Desktop
C0200,29.0,73497.0,48.3,29.0,68.74,5.4,66.7,0.35,0.0,7.8,6.8,0.0,4.1,15.0,0.34,0.34,0.3,0.15,Store,South,Mobile
C0201,47.0,113977.0,86.9,25.0,35.35,6.7,75.9,0.82,0.39,4.4,3.7,2.0,3.8,14.0,0.92,0.61,0.48,0.16,Hybrid,South,Desktop
C0202,29.0,61108.0,68.3,34.0,76.29,9.6,79.2,0.84,0.6,5.1,2.6,5.0,4.7,18.0,0.43,0.35,0.32,0.14,Hybrid,West,Desktop
C0203,49.0,90599.0,85.5,23.0,102.08,4.7,71.0,0.6,0.69,4.8,3.3,1.0,3.5,20.0,0.77,0.96,0.51,0.11,Store,North,Tablet
C0204,53.0,,58.5,24.0,95.82,7.7,65.9,0.69,0.24,11.3,6.1,0.0,5.0,17.0,0.58,0.48,0.27,0.2,Online,North,Desktop
C0205,39.0,98407.0,100.0,38.0,125.59,11.3,46.3,0.7,0.72,9.3,5.3,3.0,5.0,19.0,0.61,0.27,0.04,0.07,Store,North,Mobile
C0206,43.0,119001.0,98.3,37.0,146.75,8.6,77.0,0.83,0.0,5.8,1.0,2.0,5.0,12.0,0.59,0.3,0.31,0.32,Hybrid,East,Mobile
C0207,30.0,46390.0,55.9,24.0,113.26,11.7,68.6,0.7,0.33,6.6,4.7,1.0,4.4,31.0,0.68,0.73,0.52,0.18,Online,West,Mobile
C0208,31.0,71279.0,71.4,20.0,130.71,11.4,61.8,0.28,0.32,5.9,8.1,3.0,3.7,7.0,0.71,0.42,0.38,0.03,Online,East,Desktop
C0209,18.0,112539.0,95.1,36.0,113.47,8.0,87.2,0.95,0.61,5.8,4.5,0.0,4.2,11.0,0.82,0.23,0.26,0.13,Hybrid,West,Tablet
C0210,35.0,62549.0,44.8,30.0,139.88,1.0,46.6,0.76,0.63,9.2,5.1,1.0,4.4,19.0,0.88,0.67,0.36,0.18,Online,West,Tablet
C0211,44.0,,85.0,27.0,143.82,4.7,92.7,0.45,0.57,7.3,7.8,2.0,3.7,19.0,0.69,0.42,0.44,0.09,Hybrid,South,Mobile
C0212,53.0,84409.0,63.8,21.0,118.63,10.3,67.7,0.34,0.16,13.2,7.3,0.0,5.0,17.0,0.94,0.63,0.31,0.0,Online,North,Desktop
C0213,32.0,66699.0,66.4,27.0,111.78,3.3,72.8,0.65,0.56,11.1,7.7,0.0,4.6,18.0,0.65,0.69,0.64,0.04,Online,North,Mobile
C0214,36.0,63077.0,96.7,24.0,86.25,7.0,62.1,0.49,0.49,11.3,1.0,0.0,3.4,3.0,0.82,0.55,0.26,0.16,Hybrid,West,Tablet
C0215,53.0,56539.0,53.1,19.0,90.84,9.0,43.0,0.62,0.1,9.7,9.3,1.0,5.0,24.0,0.71,0.98,0.44,0.0,Store,East,Desktop
C0216,38.0,102968.0,90.5,25.0,82.54,12.4,65.9,0.7,0.03,6.9,6.9,0.0,4.2,13.0,0.53,0.16,0.41,0.0,Store,West,Desktop
C0217,24.0,47745.0,79.9,26.0,109.4,6.3,73.0,0.44,0.59,9.5,10.9,1.0,3.2,21.0,0.66,0.34,0.24,0.16,Hybrid,East,Desktop
C0218,30.0,32891.0,77.4,21.0,71.83,6.1,78.1,0.33,0.37,7.1,3.8,,3.4,3.0,0.72,0.45,0.27,0.1,Hybrid,West,Mobile
C0219,44.0,124264.0,84.6,31.0,86.65,7.8,65.0,0.63,0.17,12.1,1.6,0.0,5.0,16.0,0.62,0.95,0.44,0.06,Online,West,Mobile
C0220,36.0,89024.0,59.7,34.0,26.06,9.1,35.1,0.44,0.36,9.0,5.5,2.0,5.0,11.0,0.7,0.86,0.34,0.08,Hybrid,West,Tablet
C0221,24.0,39242.0,81.6,32.0,140.25,7.5,44.9,0.58,0.47,8.7,4.9,4.0,4.9,17.0,0.79,0.76,0.36,0.0,Online,West,Mobile
C0222,34.0,99567.0,91.5,22.0,85.83,11.1,98.8,0.28,0.39,8.3,6.9,3.0,5.0,16.0,0.63,0.34,0.12,0.16,Online,North,Tablet
C0223,57.0,51188.0,46.7,30.0,104.76,5.6,51.6,0.5,0.12,12.4,7.9,2.0,5.0,16.0,0.1,0.36,0.4,0.06,Hybrid,East,Mobile
C0224,22.0,46567.0,89.9,25.0,132.82,8.4,89.4,0.69,0.74,4.4,5.3,3.0,4.5,8.0,0.93,0.33,0.35,0.08,Online,West,Mobile
C0225,54.0,85639.0,52.4,14.0,100.41,9.3,54.0,0.67,0.58,12.6,5.0,0.0,4.4,14.0,0.58,0.34,0.31,0.15,Hybrid,South,Tablet
C0226,39.0,116149.0,87.5,29.0,132.44,6.8,65.3,0.39,0.34,7.5,6.6,2.0,4.5,13.0,0.48,0.8,0.36,0.1,Online,West,Tablet
C0227,35.0,58423.0,62.3,25.0,57.23,10.5,77.4,0.32,0.35,4.5,4.9,1.0,4.7,17.0,0.43,0.45,0.27,0.06,Online,South,Tablet
C0228,45.0,79211.0,51.3,45.0,159.13,8.4,55.7,0.55,0.46,6.1,4.8,1.0,3.5,20.0,0.57,0.48,0.25,0.0,Online,North,Tablet
C0229,43.0,74364.0,56.3,36.0,122.44,10.4,91.9,0.66,0.2,3.9,7.8,3.0,4.7,15.0,0.53,0.65,0.29,0.15,Store,East,Desktop
C0230,30.0,49468.0,84.4,30.0,97.86,8.6,69.1,0.63,0.46,9.6,8.3,1.0,5.0,6.0,0.5,0.17,0.26,0.13,Hybrid,North,Mobile
C0231,40.0,94200.0,81.5,26.0,131.9,9.1,74.9,0.45,0.16,5.4,7.9,3.0,3.9,15.0,0.51,0.51,0.58,0.08,Online,South,Desktop
C0232,36.0,75050.0,61.4,25.0,59.28,6.1,64.0,0.61,0.39,8.4,5.1,0.0,3.8,30.0,0.73,0.28,0.43,0.04,Online,West,Desktop
C0233,29.0,62010.0,89.1,16.0,83.92,6.1,77.9,0.85,0.19,10.8,1.0,4.0,4.5,24.0,1.0,0.44,0.2,0.12,Online,North,Tablet
C0234,28.0,63312.0,73.4,10.0,132.44,11.7,91.7,0.59,0.2,6.3,5.2,1.0,3.6,3.0,0.78,0.38,0.56,0.16,Online,North,Mobile
C0235,34.0,99770.0,86.3,17.0,39.72,9.9,66.0,0.22,0.7,7.3,3.8,2.0,3.0,14.0,0.83,0.37,0.27,0.13,Store,West,Mobile
C0236,67.0,43625.0,40.1,24.0,107.69,4.9,93.9,0.59,0.41,4.7,5.2,1.0,5.0,20.0,0.56,0.55,0.32,0.25,Store,West,Desktop
C0237,45.0,62772.0,53.7,7.0,106.9,8.5,58.8,0.96,0.44,7.0,4.0,3.0,3.7,13.0,0.65,0.54,0.43,0.18,Online,South,Tablet
C0238,31.0,,96.8,20.0,147.14,1.0,79.5,0.29,0.04,14.4,5.5,1.0,4.1,11.0,0.71,0.46,0.08,0.11,Online,South,Tablet
C0239,44.0,129495.0,85.7,22.0,47.68,6.3,75.3,0.56,0.29,9.9,3.2,,3.6,12.0,0.51,0.57,0.29,0.18,Store,West,Desktop
C0240,57.0,60011.0,54.0,22.0,137.07,10.9,52.0,0.5,0.48,7.3,2.7,2.0,5.0,17.0,0.55,0.33,0.25,0.12,Online,East,Desktop
C0241,35.0,44425.0,81.7,19.0,76.33,7.6,71.2,0.57,0.43,6.5,8.2,1.0,4.8,7.0,0.78,0.64,0.34,0.12,Online,West,Desktop
C0242,55.0,74748.0,48.1,21.0,79.48,8.4,68.1,0.59,0.01,7.9,3.4,0.0,3.9,21.0,0.83,0.46,0.36,0.22,Store,North,Desktop
C0243,31.0,54570.0,83.8,38.0,57.78,1.0,55.2,0.78,0.44,8.3,5.5,0.0,3.2,14.0,0.64,0.4,0.31,0.05,Online,East,Desktop
C0244,59.0,73743.0,55.3,29.0,61.54,6.8,73.4,0.57,0.47,7.0,7.6,1.0,3.8,8.0,0.41,0.34,0.31,0.12,Online,East,Mobile
C0245,49.0,75814.0,55.2,20.0,103.3,9.0,70.2,0.81,0.63,9.3,7.5,1.0,4.6,21.0,0.58,0.45,0.45,0.22,Online,North,Desktop
C0246,24.0,56285.0,95.6,23.0,60.85,9.4,66.9,0.53,0.28,5.6,7.2,0.0,4.3,5.0,0.37,0.87,0.36,0.14,Hybrid,East,Desktop
C0247,31.0,77719.0,59.1,24.0,112.73,10.9,67.0,0.48,0.0,5.6,6.2,0.0,4.2,11.0,0.64,0.49,0.32,0.09,Online,North,Tablet
C0248,39.0,98330.0,87.0,18.0,73.44,7.4,66.6,0.42,0.22,8.9,7.1,0.0,4.3,11.0,0.68,0.27,0.34,0.0,Hybrid,West,Tablet
C0249,28.0,60195.0,59.0,18.0,58.04,7.5,62.5,0.19,0.2,5.1,8.5,2.0,4.7,27.0,0.58,0.68,0.54,0.0,Online,East,Tablet
C0250,33.0,64784.0,96.1,32.0,77.22,4.0,70.1,0.61,0.53,9.8,6.4,1.0,4.1,10.0,0.67,0.41,0.34,0.29,Online,North,Mobile
C0251,30.0,46579.0,74.8,21.0,101.43,7.4,58.3,0.96,0.0,8.0,1.5,1.0,4.5,3.0,0.71,0.56,0.26,0.14,Hybrid,East,Desktop
C0252,54.0,94114.0,86.6,15.0,84.23,4.2,100.0,0.64,0.32,3.4,4.3,1.0,3.3,11.0,0.68,0.38,0.09,0.07,Online,North,Desktop
C0253,30.0,45856.0,74.2,24.0,92.96,2.5,46.9,0.69,0.66,8.3,7.0,2.0,5.0,17.0,0.41,0.76,0.15,0.15,Online,West,Tablet
C0254,40.0,87719.0,92.6,25.0,111.49,4.7,59.2,0.47,0.4,3.8,4.1,1.0,3.9,19.0,0.58,0.38,0.26,0.04,Online,North,Desktop
C0255,47.0,64582.0,51.2,8.0,122.31,12.5,60.4,0.5,0.56,9.7,9.1,3.0,4.3,28.0,0.7,0.78,0.31,0.09,Store,East,Tablet
C0256,19.0,53535.0,78.2,24.0,83.32,7.2,98.6,0.75,0.1,7.4,5.4,1.0,4.6,22.0,0.91,0.29,0.25,0.04,Online,North,Tablet
C0257,47.0,75793.0,53.3,31.0,62.76,8.7,48.2,0.95,0.11,12.6,5.7,4.0,3.8,15.0,0.58,0.44,0.36,0.01,Hybrid,North,Desktop
C0258,18.0,,83.9,28.0,94.13,6.5,74.4,0.85,0.66,10.7,8.0,1.0,4.1,9.0,0.73,0.78,0.25,0.0,Online,West,Tablet
C0259,21.0,69783.0,78.0,42.0,105.18,2.6,71.7,0.71,0.42,5.3,5.1,1.0,4.1,24.0,0.79,0.53,0.21,0.0,Online,South,Tablet
C0260,51.0,62565.0,43.6,34.0,51.1,10.8,73.0,0.56,0.42,2.9,5.9,0.0,3.4,12.0,0.59,0.95,0.39,0.2,Online,North,Tablet
C0261,32.0,83638.0,62.6,36.0,67.06,1.5,86.5,0.59,0.2,6.1,7.5,1.0,4.5,10.0,0.84,0.45,0.48,0.04,Online,East,Tablet
C0262,24.0,67104.0,71.5,46.0,71.86,6.3,86.2,0.4,0.42,4.9,2.3,1.0,2.8,11.0,0.85,0.55,0.19,0.16,Hybrid,North,Desktop
C0263,45.0,71783.0,92.6,30.0,86.18,7.8,61.2,0.26,0.19,12.6,4.9,2.0,5.0,6.0,0.88,0.88,0.35,0.2,Online,East,Desktop
C0264,28.0,90587.0,39.1,25.0,70.69,8.7,70.9,0.32,0.61,8.0,7.3,3.0,4.7,11.0,0.71,0.2,0.09,0.12,Hybrid,West,Desktop
C0265,41.0,68002.0,67.4,32.0,111.8,5.8,40.0,0.56,0.89,10.3,5.6,2.0,4.6,13.0,1.0,0.17,0.14,0.1,Online,East,Tablet
C0266,41.0,63188.0,43.4,20.0,47.06,2.5,69.5,0.49,0.49,7.3,8.7,1.0,2.7,18.0,0.52,0.34,0.25,0.13,Online,North,Desktop
C0267,38.0,110905.0,92.5,25.0,47.77,5.6,56.1,0.26,0.29,7.6,2.0,1.0,3.5,12.0,1.0,0.66,0.46,0.09,Online,North,Tablet
C0268,46.0,,85.1,19.0,82.65,5.8,65.2,0.54,0.0,7.9,1.8,1.0,5.0,6.0,0.77,0.18,0.23,0.22,Hybrid,North,Tablet
C0269,55.0,54634.0,51.8,27.0,87.08,5.7,42.7,0.49,0.1,10.8,7.2,1.0,5.0,4.0,0.87,0.62,0.22,0.27,Online,East,Desktop
C0270,54.0,70107.0,51.6,19.0,51.27,10.9,74.1,0.32,0.68,8.8,7.4,1.0,5.0,15.0,0.57,0.61,0.32,0.24,Store,East,Desktop
C0271,51.0,89701.0,82.4,19.0,75.01,4.4,42.6,0.48,0.21,5.4,5.1,3.0,4.9,14.0,0.78,0.9,0.32,0.0,Hybrid,East,Desktop
C0272,28.0,57594.0,,27.0,80.77,8.9,70.2,0.49,0.33,12.1,6.4,0.0,4.5,11.0,0.89,0.71,0.23,0.09,Store,South,Tablet
C0273,28.0,64659.0,76.0,23.0,80.99,8.5,49.6,0.43,0.52,7.3,7.1,1.0,3.4,11.0,0.43,0.57,0.56,0.12,Online,North,Mobile
C0274,43.0,74222.0,56.1,9.0,96.25,10.9,55.3,0.74,0.67,6.9,3.7,1.0,4.9,16.0,0.6,0.77,0.29,0.16,Hybrid,West,Mobile
C0275,34.0,86499.0,87.5,12.0,73.48,7.6,85.3,0.17,0.36,1.0,3.9,0.0,3.2,22.0,0.24,0.61,0.33,0.0,Online,East,Mobile
C0276,41.0,85536.0,84.4,15.0,133.38,10.4,76.8,0.15,0.33,9.6,5.9,1.0,3.1,9.0,0.6,0.41,0.27,0.0,Online,East,Mobile
C0277,39.0,110858.0,86.9,17.0,105.67,7.5,85.2,0.55,0.41,8.3,7.5,0.0,3.1,15.0,0.48,0.27,0.37,0.22,Online,North,Tablet
C0278,38.0,67827.0,71.5,27.0,69.4,9.3,91.4,0.57,0.29,8.2,2.9,0.0,4.9,20.0,0.59,0.39,0.47,0.08,Hybrid,South,Tablet
C0279,36.0,34462.0,68.1,26.0,94.65,3.5,56.4,0.63,0.3,7.0,5.1,5.0,4.1,9.0,1.0,0.49,0.52,0.0,Online,South,Desktop
C0280,23.0,52417.0,73.6,33.0,95.47,1.0,90.5,0.44,0.47,6.6,5.0,0.0,4.2,14.0,0.94,0.54,0.23,0.03,Hybrid,East,Mobile
C0281,43.0,117519.0,96.6,30.0,126.01,9.1,46.0,0.37,0.43,7.1,6.4,1.0,4.1,14.0,0.37,0.07,0.45,0.15,Store,West,Desktop
C0282,44.0,101029.0,87.6,33.0,75.19,9.3,79.2,0.55,0.78,9.2,5.5,1.0,3.2,6.0,0.73,0.46,0.39,0.05,Online,West,Tablet
C0283,53.0,49144.0,55.6,29.0,113.49,9.4,60.6,0.46,0.48,9.6,4.3,0.0,3.6,15.0,0.77,0.51,0.44,0.14,Online,East,Mobile
C0284,26.0,,87.4,26.0,93.17,6.4,54.0,0.86,0.61,7.4,8.2,1.0,3.6,14.0,0.57,0.61,0.31,0.04,Store,South,Desktop
C0285,38.0,95199.0,74.3,33.0,133.76,12.5,77.2,0.49,0.21,10.4,4.3,0.0,3.0,17.0,0.66,0.83,0.3,0.0,Online,South,Desktop
C0286,38.0,63630.0,63.7,31.0,128.14,6.6,82.2,0.54,0.49,7.8,4.9,0.0,3.7,7.0,0.68,0.54,0.43,0.23,Online,East,Tablet
C0287,29.0,50543.0,83.5,27.0,97.52,9.3,81.7,1.0,0.27,6.7,2.0,1.0,3.2,14.0,0.39,0.32,0.43,0.15,Online,South,Desktop
C0288,41.0,49596.0,46.0,34.0,84.66,9.8,71.2,0.51,0.47,8.5,3.9,0.0,4.6,22.0,0.44,0.14,0.51,0.09,Hybrid,South,Desktop
C0289,58.0,63878.0,47.7,5.0,106.18,13.2,70.0,0.66,0.52,4.6,6.6,0.0,4.6,26.0,0.66,0.64,0.34,0.08,Online,West,Tablet
C0290,49.0,93502.0,97.0,22.0,86.95,7.0,75.9,0.68,0.41,8.6,6.2,1.0,3.1,22.0,0.65,0.33,0.31,0.24,Online,East,Tablet
C0291,33.0,65999.0,76.0,22.0,139.05,6.0,72.6,0.7,0.83,4.1,6.8,0.0,3.9,7.0,0.5,0.67,0.02,0.17,Online,South,Desktop
C0292,37.0,76557.0,97.5,33.0,94.2,3.5,76.1,0.61,0.66,5.4,6.7,2.0,5.0,17.0,0.49,0.78,0.13,0.21,Online,East,Tablet
C0293,33.0,79734.0,66.1,37.0,80.64,12.7,71.1,0.59,0.61,3.0,10.1,0.0,3.3,11.0,0.61,0.19,0.27,0.07,Hybrid,South,Tablet
C0294,37.0,111374.0,96.1,12.0,79.13,9.3,80.6,0.57,0.54,7.6,3.9,0.0,4.4,16.0,0.79,0.61,0.19,0.12,Online,North,Desktop
C0295,48.0,51643.0,37.6,35.0,58.04,9.4,43.6,0.43,0.72,12.0,1.9,1.0,4.2,9.0,0.62,0.76,0.42,0.15,Store,West,Tablet
C0296,58.0,74375.0,40.0,15.0,107.58,17.4,66.0,0.62,0.14,7.7,3.2,3.0,5.0,4.0,0.92,0.7,0.16,0.08,Hybrid,South,Desktop
C0297,40.0,71771.0,67.4,15.0,69.04,9.0,47.2,0.96,0.65,9.6,4.0,3.0,4.3,12.0,0.5,0.08,0.26,0.11,Online,South,Desktop
C0298,47.0,82477.0,80.1,22.0,122.75,4.1,72.2,0.79,0.22,13.9,3.4,4.0,3.8,18.0,0.66,0.33,0.26,0.07,Hybrid,North,Mobile
C0299,46.0,93920.0,83.3,21.0,55.8,7.4,92.6,0.61,0.3,9.0,5.7,1.0,4.2,16.0,0.57,0.24,0.46,0.15,Hybrid,West,Tablet
C0300,20.0,60763.0,90.5,12.0,95.56,5.1,60.9,0.72,0.5,6.1,8.3,2.0,4.2,16.0,0.74,0.6,0.25,0.01,Store,East,Mobile
C0301,48.0,93215.0,85.1,29.0,124.21,6.8,69.9,0.38,0.62,6.4,8.9,0.0,4.0,15.0,0.49,0.58,0.37,0.17,Store,South,Tablet
C0302,45.0,71592.0,,29.0,31.74,6.8,79.3,0.5,0.19,8.0,6.6,2.0,3.0,16.0,0.98,0.0,0.34,0.14,Online,East,Tablet
C0303,27.0,64450.0,74.3,32.0,148.51,6.2,37.0,0.74,0.31,6.4,10.2,2.0,5.0,17.0,0.33,0.44,0.43,0.1,Hybrid,South,Tablet
C0304,28.0,,69.2,21.0,80.09,3.8,60.2,0.85,0.42,6.6,4.7,,5.0,12.0,0.94,0.66,0.42,0.16,Online,South,Mobile
C0305,53.0,58509.0,63.0,24.0,95.95,12.8,73.5,0.4,0.37,10.5,1.9,1.0,3.3,14.0,0.65,0.53,0.32,0.09,Store,South,Desktop
C0306,29.0,51257.0,60.4,24.0,108.0,8.9,24.5,0.45,0.55,10.6,7.8,0.0,3.9,24.0,0.73,0.53,0.12,0.07,Online,North,Tablet
C0307,45.0,102843.0,83.7,38.0,112.33,7.3,53.3,0.99,1.0,3.9,1.5,2.0,3.9,15.0,0.87,0.43,0.29,0.16,Store,West,Desktop
C0308,57.0,57391.0,51.0,3.0,99.67,10.3,84.5,0.57,0.48,6.0,3.8,1.0,3.2,14.0,0.78,0.29,0.32,0.17,Hybrid,West,Desktop
C0309,44.0,116353.0,96.1,16.0,119.93,9.4,83.0,0.91,0.27,6.8,6.6,0.0,2.6,15.0,0.5,0.5,0.35,0.08,Store,West,Desktop
C0310,30.0,34851.0,90.0,24.0,106.53,8.8,73.6,0.59,0.17,9.5,5.3,0.0,3.6,13.0,0.74,0.51,0.23,0.07,Online,South,Mobile
C0311,50.0,53153.0,46.6,15.0,141.3,10.1,81.2,0.6,0.34,10.9,5.1,0.0,3.8,11.0,0.97,0.62,0.46,0.11,Store,West,Desktop
C0312,51.0,75338.0,53.0,22.0,106.63,8.4,71.2,0.49,0.23,14.8,2.9,1.0,2.9,15.0,0.47,0.64,0.32,0.08,Hybrid,South,Tablet
C0313,38.0,29980.0,84.9,23.0,147.01,10.0,76.3,0.74,0.48,6.8,5.5,1.0,4.2,11.0,1.0,0.52,0.21,0.24,Store,West,Mobile
C0314,31.0,88232.0,90.2,19.0,117.23,10.3,63.3,0.82,0.48,7.0,7.7,0.0,5.0,13.0,0.7,0.72,0.27,0.15,Hybrid,North,Mobile
C0315,26.0,50440.0,,25.0,41.44,8.5,69.7,0.34,0.32,9.5,5.5,0.0,4.8,9.0,0.55,0.43,0.55,0.12,Hybrid,South,Mobile
C0316,50.0,62885.0,50.2,29.0,165.11,7.3,58.5,0.48,0.76,6.3,3.7,2.0,4.0,15.0,0.47,0.21,0.4,0.05,Hybrid,East,Desktop
C0317,59.0,69098.0,52.4,22.0,75.92,12.6,87.0,0.73,0.27,7.6,2.8,0.0,2.6,18.0,0.59,0.6,0.45,0.18,Online,West,Mobile
C0318,59.0,70812.0,42.8,20.0,133.88,6.6,90.8,0.52,0.38,7.0,3.7,2.0,4.7,13.0,0.28,0.53,0.2,0.07,Online,South,Desktop
C0319,30.0,70721.0,71.8,23.0,92.75,9.2,88.7,0.45,0.52,1.4,6.4,0.0,4.2,3.0,0.56,0.6,0.24,0.07,Hybrid,South,Tablet
C0320,28.0,75184.0,58.8,24.0,121.71,9.2,61.9,0.75,0.56,8.3,6.3,0.0,4.4,18.0,0.58,0.25,0.24,0.18,Hybrid,West,Mobile
C0321,51.0,97989.0,94.8,10.0,72.72,6.2,53.7,0.77,0.63,7.5,3.7,0.0,5.0,15.0,0.44,0.86,0.34,0.15,Online,South,Mobile
C0322,28.0,,84.5,28.0,109.52,5.6,87.2,0.46,0.48,11.2,1.0,2.0,3.4,8.0,0.76,0.64,0.3,0.0,Online,East,Mobile
C0323,47.0,63301.0,36.1,20.0,84.91,6.9,76.2,0.59,0.59,8.0,6.4,1.0,1.8,19.0,0.59,0.44,0.26,0.11,Online,South,Desktop
C0324,33.0,74359.0,76.1,34.0,136.21,6.5,72.9,0.31,0.28,4.9,3.5,1.0,3.3,6.0,0.52,0.31,0.28,0.13,Hybrid,North,Tablet
C0325,34.0,77399.0,65.8,29.0,104.28,3.6,58.5,0.37,0.57,7.4,7.0,1.0,4.5,20.0,0.57,0.72,0.22,0.09,Hybrid,South,Mobile
C0326,27.0,57416.0,57.4,33.0,118.21,6.0,74.4,0.57,0.56,2.8,3.8,0.0,4.1,14.0,0.69,0.28,0.3,0.13,Store,East,Mobile
C0327,25.0,60274.0,83.4,16.0,31.41,8.8,51.7,0.56,0.67,5.0,3.3,0.0,3.1,3.0,0.64,0.95,0.45,0.0,Online,North,Mobile
C0328,31.0,33285.0,87.1,21.0,89.6,11.8,77.5,0.36,0.1,9.6,5.8,3.0,3.0,15.0,0.5,0.38,0.14,0.0,Online,North,Tablet
C0329,29.0,60632.0,85.6,14.0,103.5,9.7,88.7,0.41,0.24,7.4,10.7,1.0,3.8,12.0,0.65,0.84,0.36,0.04,Hybrid,West,Mobile
C0330,54.0,72257.0,55.8,18.0,98.26,1.0,92.5,0.34,0.55,10.3,7.1,3.0,3.1,11.0,0.62,0.46,0.49,0.14,Online,North,Desktop
C0331,53.0,72850.0,44.9,34.0,118.91,9.9,78.6,0.64,0.0,3.1,5.8,2.0,4.5,10.0,0.42,0.82,0.3,0.0,Online,North,Desktop
C0332,39.0,71434.0,100.0,36.0,81.75,6.3,47.3,0.16,0.49,7.4,6.3,1.0,3.8,13.0,0.58,0.35,0.26,0.05,Online,East,Mobile
C0333,30.0,106560.0,88.3,15.0,93.37,9.4,71.0,0.35,0.59,6.8,1.6,,3.6,11.0,0.73,0.5,0.43,0.0,Hybrid,East,Desktop
C0334,35.0,56195.0,63.6,20.0,125.07,8.0,100.0,0.18,0.3,10.4,3.0,1.0,3.5,3.0,0.73,0.66,0.2,0.1,Online,North,Mobile
C0335,43.0,82142.0,90.2,23.0,28.2,7.4,55.0,0.63,0.32,9.7,1.0,1.0,4.3,22.0,0.59,0.63,0.32,0.28,Online,North,Desktop
C0336,35.0,38041.0,79.4,29.0,108.5,7.7,67.1,0.19,0.21,9.6,9.3,1.0,4.1,13.0,0.75,0.72,0.2,0.1,Online,West,Mobile
C0337,35.0,65748.0,55.8,10.0,82.65,7.9,89.2,0.56,0.31,11.9,8.9,1.0,4.3,10.0,0.45,0.4,0.1,0.11,Hybrid,East,Tablet
C0338,37.0,76118.0,95.1,11.0,66.46,12.0,77.3,0.88,0.31,7.1,6.4,0.0,4.2,7.0,0.46,0.52,0.3,0.19,Online,East,Tablet
C0339,30.0,71468.0,88.1,28.0,101.42,7.9,100.0,0.88,0.28,11.3,5.8,1.0,4.0,19.0,0.58,0.75,0.17,0.12,Online,North,Mobile
C0340,37.0,86400.0,56.5,8.0,126.37,11.3,57.0,0.19,0.27,5.4,2.1,0.0,3.3,6.0,0.9,0.36,0.32,0.1,Online,North,Desktop
C0341,53.0,85545.0,52.4,20.0,121.1,10.8,53.2,0.61,0.35,5.3,5.0,1.0,3.5,15.0,0.66,0.61,0.45,0.19,Online,North,Desktop
C0342,44.0,98442.0,90.6,25.0,88.22,10.0,86.4,0.35,0.35,9.9,9.4,0.0,3.8,10.0,0.58,0.46,0.54,0.16,Hybrid,West,Mobile
C0343,50.0,64383.0,38.5,27.0,116.52,2.6,50.1,0.31,0.74,4.2,5.8,2.0,5.0,11.0,0.91,0.54,0.33,0.14,Hybrid,West,Tablet
C0344,53.0,68090.0,43.0,23.0,116.31,11.3,65.0,0.53,0.33,9.4,4.3,0.0,3.0,7.0,0.58,0.52,0.44,0.11,Online,East,Desktop
C0345,39.0,71743.0,52.0,21.0,89.55,6.6,67.0,0.8,0.46,8.3,1.6,,3.8,10.0,1.0,0.34,0.37,0.09,Hybrid,East,Mobile
C0346,31.0,77574.0,84.1,31.0,72.59,10.1,83.5,0.67,0.3,10.7,8.5,0.0,4.2,14.0,0.54,0.45,0.27,0.19,Online,North,Desktop
C0347,33.0,49689.0,68.7,26.0,74.21,5.1,77.2,0.41,0.29,7.9,5.3,2.0,3.9,15.0,0.45,0.53,0.09,0.09,Hybrid,West,Tablet
C0348,32.0,66263.0,77.5,19.0,115.46,4.4,74.9,0.69,0.09,8.1,1.6,0.0,5.0,9.0,0.6,0.48,0.52,0.22,Online,East,Desktop
C0349,36.0,62490.0,78.3,24.0,90.82,13.9,62.0,0.1,0.12,9.3,3.5,1.0,3.9,13.0,0.59,0.81,0.19,0.04,Online,East,Tablet
C0350,22.0,45001.0,88.8,27.0,62.71,5.1,86.2,0.4,0.18,6.3,2.7,1.0,3.9,19.0,0.48,0.7,0.49,0.23,Hybrid,West,Mobile
C0351,46.0,78473.0,49.5,38.0,44.82,11.4,100.0,0.39,0.43,6.2,5.2,0.0,4.8,4.0,1.0,0.56,0.38,0.16,Hybrid,North,Tablet
C0352,37.0,60638.0,83.9,30.0,115.29,8.4,78.4,0.57,0.59,9.2,6.0,1.0,5.0,14.0,0.69,0.35,0.2,0.04,Hybrid,South,Mobile
C0353,42.0,83238.0,90.0,34.0,76.69,6.7,69.5,0.51,0.08,7.9,4.4,0.0,5.0,8.0,0.71,0.34,0.36,0.16,Store,North,Desktop
C0354,36.0,122393.0,93.1,19.0,101.25,7.9,48.5,0.52,0.3,7.0,7.2,1.0,4.0,8.0,0.55,0.89,0.58,0.07,Hybrid,South,Desktop
C0355,39.0,49060.0,71.1,20.0,126.71,4.1,58.4,0.52,0.15,7.8,5.7,0.0,4.1,16.0,0.53,0.3,0.5,0.12,Store,South,Mobile
C0356,39.0,79154.0,70.9,22.0,55.35,8.0,64.8,0.55,0.35,12.0,7.8,2.0,4.1,11.0,0.81,0.52,0.26,0.08,Online,South,Tablet
C0357,32.0,58443.0,84.6,23.0,90.74,4.8,60.0,0.66,0.59,6.9,4.7,1.0,4.2,7.0,0.33,0.57,0.23,0.11,Online,East,Desktop
C0358,26.0,77672.0,71.0,16.0,87.22,6.8,67.8,0.58,0.32,6.8,12.2,3.0,3.4,22.0,0.42,0.44,0.33,0.2,Store,South,Desktop
C0359,19.0,67459.0,97.1,34.0,102.63,10.8,94.7,0.49,0.39,3.7,4.3,2.0,4.8,20.0,0.59,0.3,0.3,0.16,Store,North,Desktop
C0360,54.0,74682.0,63.2,31.0,126.7,8.8,86.7,0.63,0.66,7.9,3.5,1.0,4.3,3.0,0.87,0.34,0.46,0.03,Hybrid,North,Mobile
C0361,26.0,74222.0,57.3,22.0,54.78,3.6,65.6,0.72,0.48,9.6,3.2,4.0,4.1,5.0,0.56,0.39,0.41,0.03,Online,East,Desktop
C0362,31.0,,58.5,29.0,107.95,10.6,49.9,0.44,0.26,10.1,5.0,5.0,3.1,18.0,0.7,0.36,0.12,0.14,Online,East,Mobile
C0363,25.0,57456.0,86.5,26.0,120.88,8.0,88.1,0.54,0.43,8.3,1.7,0.0,4.1,12.0,0.63,0.77,0.38,0.15,Online,West,Tablet
C0364,34.0,67428.0,,30.0,86.78,6.4,67.3,0.78,0.25,10.4,6.1,1.0,2.6,23.0,0.86,0.5,0.3,0.07,Hybrid,West,Tablet
C0365,31.0,44230.0,83.5,13.0,88.15,10.2,42.1,0.33,0.48,9.8,1.3,0.0,3.6,18.0,0.34,0.4,0.32,0.25,Online,North,Tablet
C0366,57.0,48522.0,46.1,23.0,103.72,7.5,78.7,0.91,0.49,10.8,5.9,1.0,3.6,16.0,0.76,0.52,0.35,0.19,Hybrid,East,Mobile
C0367,35.0,,87.7,24.0,101.65,4.5,83.4,0.28,0.15,10.5,2.5,1.0,4.3,8.0,0.59,0.63,0.46,0.07,Online,North,Desktop
C0368,50.0,75597.0,88.4,29.0,108.31,13.5,31.6,0.48,0.43,11.9,4.7,0.0,5.0,17.0,0.8,0.43,0.44,0.06,Online,North,Desktop
C0369,31.0,39029.0,78.5,19.0,107.72,7.9,55.6,0.36,0.38,7.6,6.8,0.0,4.6,6.0,0.48,0.68,0.23,0.1,Hybrid,West,Tablet
C0370,37.0,79264.0,60.8,4.0,64.5,7.8,66.3,0.99,0.5,4.7,10.6,1.0,5.0,22.0,0.63,0.25,0.31,0.09,Online,South,Desktop
C0371,39.0,113232.0,88.6,15.0,119.73,6.8,79.0,0.45,0.55,9.7,3.1,1.0,4.6,17.0,0.61,0.73,0.27,0.22,Hybrid,West,Tablet
C0372,54.0,59206.0,41.9,24.0,124.67,11.5,60.3,0.45,0.49,10.0,5.2,1.0,5.0,9.0,0.45,0.5,0.12,0.2,Online,North,Mobile
C0373,39.0,106693.0,94.8,25.0,97.21,6.4,55.5,0.48,0.35,11.9,3.9,2.0,5.0,19.0,0.4,0.49,0.31,0.12,Online,East,Tablet
C0374,42.0,99309.0,99.9,37.0,50.16,3.4,78.9,0.57,0.57,11.2,3.6,1.0,3.5,27.0,0.53,0.36,0.54,0.17,Store,South,Desktop
C0375,34.0,64086.0,74.6,29.0,88.79,6.0,61.0,0.48,0.24,12.9,3.9,0.0,3.5,13.0,0.65,0.25,0.11,0.19,Hybrid,West,Tablet
C0376,32.0,54909.0,59.5,25.0,97.44,12.0,76.1,0.52,0.16,9.5,7.3,4.0,4.6,17.0,0.49,0.17,0.32,0.12,Online,East,Mobile
C0377,43.0,57987.0,,24.0,59.95,10.5,51.3,0.0,0.0,8.6,4.4,1.0,4.1,11.0,0.57,0.35,0.31,0.15,Online,West,Mobile
C0378,56.0,68482.0,48.3,33.0,81.92,7.2,47.7,0.56,0.39,4.5,10.4,0.0,4.3,15.0,0.29,0.62,0.35,0.17,Store,South,Desktop
C0379,34.0,76269.0,93.9,19.0,52.54,12.1,79.3,0.55,0.25,8.8,6.4,0.0,3.9,5.0,0.56,0.31,0.2,0.16,Hybrid,West,Desktop
C0380,44.0,100003.0,91.0,23.0,109.0,10.2,71.8,0.76,0.47,6.6,3.3,1.0,3.6,14.0,0.81,0.19,0.15,0.06,Hybrid,West,Mobile
C0381,28.0,46803.0,81.7,15.0,96.65,7.2,81.8,0.81,0.05,8.5,4.7,0.0,5.0,14.0,0.76,0.32,0.15,0.07,Hybrid,West,Desktop
C0382,31.0,59000.0,70.6,35.0,45.92,7.5,60.0,0.51,0.28,8.1,3.7,1.0,3.2,25.0,0.61,0.42,0.48,0.1,Online,South,Desktop
C0383,35.0,76637.0,60.9,27.0,101.84,9.0,56.1,0.71,0.48,9.2,7.3,1.0,4.6,3.0,0.67,0.43,0.2,0.06,Store,West,Mobile
C0384,30.0,48376.0,96.7,18.0,90.42,5.5,88.4,0.33,0.21,7.8,1.9,2.0,4.5,12.0,0.48,0.47,0.26,0.0,Hybrid,East,Desktop
C0385,25.0,53138.0,85.1,23.0,106.46,8.0,45.2,0.7,0.47,10.3,2.5,0.0,2.8,22.0,0.92,0.71,0.57,0.17,Hybrid,North,Tablet
C0386,26.0,71237.0,77.7,28.0,81.04,8.9,86.8,0.44,0.3,1.2,4.2,2.0,3.4,13.0,1.0,0.75,0.23,0.15,Hybrid,West,Mobile
C0387,35.0,,88.3,22.0,69.56,2.9,87.8,0.31,0.39,8.5,7.0,1.0,3.6,13.0,0.66,0.9,0.36,0.01,Hybrid,North,Tablet
C0388,37.0,69220.0,73.3,20.0,70.42,7.4,80.9,0.51,0.51,11.0,8.2,0.0,4.6,9.0,1.0,0.18,0.45,0.1,Hybrid,East,Desktop
C0389,40.0,59296.0,61.3,19.0,76.93,7.1,57.7,0.83,0.57,12.7,8.5,1.0,3.8,8.0,0.51,0.33,0.44,0.11,Online,North,Mobile
C0390,36.0,56082.0,67.9,27.0,92.53,11.1,55.8,0.59,0.42,9.8,6.7,2.0,4.0,3.0,0.4,0.64,0.16,0.13,Online,West,Tablet
C0391,49.0,76906.0,61.7,21.0,96.14,2.5,64.8,0.85,0.25,12.2,5.3,0.0,2.9,10.0,0.5,0.41,0.23,0.03,Hybrid,East,Tablet
C0392,26.0,54332.0,74.8,20.0,86.66,6.9,48.6,0.4,0.32,8.4,7.2,3.0,5.0,8.0,0.59,0.67,0.36,0.01,Online,West,Tablet
C0393,51.0,85646.0,81.8,13.0,80.15,6.6,53.6,0.76,0.51,8.0,3.0,2.0,4.2,15.0,1.0,0.54,0.55,0.16,Online,East,Tablet
C0394,56.0,63286.0,47.9,25.0,82.16,10.9,77.7,0.42,0.22,9.3,1.4,3.0,4.5,9.0,0.58,0.82,0.23,0.0,Online,East,Mobile
C0395,61.0,,26.9,23.0,162.22,7.9,77.7,0.6,0.37,8.0,6.5,1.0,3.7,11.0,0.48,0.71,0.26,0.1,Store,West,Mobile
C0396,36.0,89977.0,54.5,21.0,70.42,13.4,52.3,0.59,0.33,6.0,3.3,1.0,3.6,11.0,0.47,0.71,0.37,0.09,Hybrid,South,Mobile
C0397,22.0,52433.0,,26.0,76.38,10.0,78.1,0.68,0.38,6.7,5.4,0.0,5.0,14.0,0.84,0.42,0.39,0.11,Hybrid,East,Tablet
C0398,31.0,62972.0,78.2,30.0,184.23,6.8,74.8,0.6,0.22,5.2,5.8,1.0,2.6,11.0,0.81,0.48,0.4,0.14,Online,South,Mobile
C0399,41.0,124583.0,92.8,30.0,103.79,8.7,90.6,0.4,0.07,9.3,6.0,1.0,4.3,8.0,0.54,0.44,0.22,0.25,Online,North,Mobile
C0400,53.0,92161.0,88.9,28.0,53.36,6.9,76.5,0.73,0.49,8.0,7.6,1.0,3.1,15.0,0.29,0.2,0.26,0.0,Online,West,Tablet
C0401,33.0,116903.0,65.8,22.0,115.6,10.6,83.9,0.9,0.57,7.1,7.3,1.0,3.8,20.0,0.43,0.79,0.35,0.19,Hybrid,South,Mobile
C0402,49.0,75707.0,78.7,19.0,66.52,4.0,75.2,0.43,0.08,6.6,5.9,1.0,3.6,15.0,0.94,0.65,0.47,0.0,Online,North,Desktop
C0403,37.0,98828.0,96.5,16.0,117.45,5.5,82.7,0.18,0.47,9.3,4.5,0.0,3.3,10.0,0.75,0.43,0.29,0.23,Store,West,Mobile
C0404,31.0,90460.0,70.6,19.0,86.09,9.4,48.7,0.65,0.59,10.0,5.7,1.0,4.1,13.0,0.64,0.76,0.32,0.0,Store,West,Mobile
C0405,46.0,100585.0,90.7,24.0,79.69,11.7,66.2,0.48,0.51,5.2,4.2,0.0,2.0,3.0,0.97,0.37,0.2,0.31,Store,East,Desktop
C0406,53.0,79231.0,34.4,18.0,137.06,1.4,67.4,0.52,0.32,4.8,5.1,1.0,3.8,13.0,0.98,0.13,0.54,0.09,Store,South,Tablet
C0407,38.0,93291.0,85.4,25.0,107.86,12.1,64.3,0.66,0.23,10.4,11.3,,4.0,12.0,0.62,0.7,0.34,0.22,Store,West,Mobile
C0408,29.0,58494.0,83.4,16.0,119.24,7.6,74.7,0.46,0.41,4.6,5.9,4.0,3.0,8.0,0.63,0.24,0.45,0.21,Store,East,Mobile
C0409,36.0,49467.0,73.3,11.0,104.18,2.3,77.5,0.5,0.44,9.4,6.5,3.0,5.0,9.0,0.53,0.46,0.32,0.09,Online,South,Desktop
C0410,37.0,,74.4,31.0,79.56,1.0,73.9,0.53,0.42,12.0,3.9,0.0,3.6,12.0,0.58,0.54,0.33,0.09,Online,South,Desktop
C0411,27.0,,89.9,20.0,109.12,3.4,65.3,0.84,0.37,12.0,7.7,1.0,3.9,20.0,0.36,0.58,0.14,0.05,Online,West,Desktop
C0412,36.0,70439.0,,17.0,125.86,7.9,57.0,0.56,0.21,9.8,7.2,1.0,3.6,21.0,0.36,0.67,0.06,0.18,Online,West,Desktop
C0413,37.0,92990.0,98.1,15.0,95.77,7.8,84.5,0.3,0.48,9.8,7.2,1.0,4.0,8.0,0.32,0.62,0.47,0.09,Hybrid,East,Tablet
C0414,31.0,54752.0,83.2,27.0,142.45,9.9,73.2,0.31,0.48,13.6,6.0,0.0,5.0,11.0,0.83,0.61,0.33,0.05,Online,North,Desktop
C0415,30.0,47969.0,81.3,35.0,115.81,6.4,52.7,0.58,0.44,2.2,7.8,0.0,5.0,11.0,0.35,0.34,0.34,0.16,Hybrid,North,Tablet
C0416,56.0,62671.0,30.5,21.0,97.94,4.7,65.1,0.32,0.42,6.8,8.3,4.0,4.7,19.0,0.98,0.56,0.17,0.05,Online,South,Tablet
C0417,31.0,89397.0,60.2,22.0,99.04,6.8,41.9,0.24,0.7,10.1,6.1,3.0,5.0,15.0,0.5,0.2,0.21,0.09,Hybrid,East,Desktop
C0418,34.0,52841.0,77.0,33.0,95.84,8.1,68.5,0.68,0.29,7.2,5.2,0.0,5.0,15.0,0.94,0.81,0.45,0.13,Online,West,Mobile
C0419,31.0,84527.0,77.3,10.0,56.97,8.7,65.0,0.69,0.63,11.1,7.5,1.0,4.3,17.0,0.56,0.22,0.53,0.07,Online,West,Desktop
C0420,68.0,65149.0,51.4,40.0,89.48,5.6,59.4,0.48,0.27,7.9,3.5,0.0,5.0,10.0,0.35,0.43,0.25,0.08,Online,South,Desktop
C0421,30.0,54737.0,57.9,44.0,98.19,10.7,91.8,0.61,0.6,8.3,3.9,2.0,4.7,22.0,0.86,0.24,0.4,0.24,Store,North,Desktop
C0422,53.0,60705.0,45.6,3.0,80.35,6.1,50.7,0.59,0.62,7.3,5.4,0.0,4.2,14.0,0.88,0.35,0.34,0.1,Online,South,Desktop
C0423,38.0,54509.0,59.2,23.0,101.45,5.4,78.6,0.67,0.35,6.7,1.7,1.0,4.4,9.0,0.47,0.5,0.31,0.09,Hybrid,North,Desktop
C0424,61.0,63312.0,57.0,18.0,92.6,6.4,100.0,0.67,0.7,6.6,7.3,0.0,2.6,13.0,0.57,0.39,0.54,0.11,Store,West,Mobile
C0425,35.0,100107.0,85.8,22.0,113.66,11.2,84.2,0.03,0.48,8.7,3.4,3.0,4.3,21.0,0.47,0.73,0.27,0.16,Hybrid,North,Desktop
C0426,20.0,50205.0,92.4,21.0,110.57,7.6,67.5,0.5,0.24,6.1,4.5,1.0,2.9,11.0,0.61,0.55,0.47,0.04,Store,West,Tablet
C0427,26.0,58685.0,41.7,30.0,96.68,5.9,51.0,0.65,0.33,10.4,5.0,2.0,2.8,20.0,0.65,0.41,0.37,0.15,Store,East,Tablet
C0428,31.0,70776.0,62.5,23.0,53.72,10.8,47.6,0.47,0.6,9.6,5.6,,4.3,10.0,0.57,0.47,0.32,0.14,Hybrid,North,Tablet
C0429,18.0,47131.0,75.7,17.0,142.14,14.4,61.8,0.56,0.57,10.7,4.7,0.0,3.2,9.0,0.3,0.74,0.48,0.0,Online,East,Tablet
C0430,53.0,69879.0,43.0,23.0,88.03,8.6,57.7,0.7,0.21,5.2,5.4,0.0,4.1,18.0,0.53,0.68,0.35,0.26,Store,East,Tablet
C0431,29.0,72232.0,78.4,28.0,89.74,11.7,57.2,0.57,0.37,3.8,5.4,0.0,4.2,9.0,0.76,0.27,0.31,0.24,Online,North,Mobile
C0432,55.0,70672.0,48.3,15.0,82.41,11.1,63.1,0.85,0.44,8.0,4.5,0.0,4.2,19.0,0.59,0.36,0.49,0.06,Store,North,Tablet
C0433,29.0,62299.0,53.4,11.0,78.32,6.2,66.5,0.78,0.31,15.2,3.8,1.0,3.4,16.0,0.57,0.59,0.47,0.03,Online,South,Mobile
C0434,32.0,52125.0,84.2,40.0,135.23,8.1,75.3,0.53,0.82,11.2,7.9,4.0,4.8,9.0,0.46,0.57,0.46,0.14,Online,North,Mobile
C0435,30.0,68581.0,88.9,19.0,130.81,4.2,49.4,0.51,0.44,6.6,1.0,0.0,4.0,14.0,0.52,0.29,0.0,0.01,Store,East,Mobile
C0436,40.0,73789.0,85.1,23.0,104.44,7.4,57.8,0.0,0.39,9.1,5.0,1.0,4.5,11.0,0.88,0.65,0.37,0.23,Online,East,Desktop
C0437,56.0,71108.0,,21.0,88.99,6.1,65.6,0.48,0.61,9.8,4.5,0.0,3.1,16.0,0.42,0.32,0.35,0.08,Online,North,Mobile
C0438,38.0,44701.0,42.1,28.0,109.34,6.8,65.1,0.28,0.33,4.6,6.4,0.0,4.0,25.0,0.76,0.76,0.32,0.25,Online,North,Desktop
C0439,27.0,60448.0,73.2,38.0,94.07,5.8,95.5,0.59,0.58,11.4,2.3,1.0,5.0,12.0,0.64,0.61,0.39,0.05,Hybrid,East,Mobile
C0440,32.0,80194.0,86.0,29.0,86.67,7.1,71.5,0.58,0.1,7.6,4.4,1.0,4.9,17.0,0.67,0.27,0.35,0.11,Online,South,Mobile
C0441,36.0,73030.0,69.8,12.0,101.47,9.6,43.8,0.69,0.32,7.8,5.3,1.0,3.5,14.0,0.5,0.39,0.4,0.22,Online,South,Desktop
C0442,35.0,84319.0,89.6,13.0,79.65,7.6,74.3,0.83,0.59,8.1,7.9,2.0,3.7,14.0,0.57,0.39,0.29,0.09,Hybrid,South,Desktop
C0443,25.0,46719.0,77.0,21.0,99.06,2.4,76.2,0.54,0.68,10.9,6.2,1.0,3.3,13.0,0.63,0.53,0.5,0.14,Hybrid,North,Desktop
C0444,41.0,105351.0,83.5,22.0,97.72,5.8,66.1,1.0,0.26,6.1,2.9,2.0,3.6,9.0,0.54,0.46,0.41,0.21,Online,West,Desktop
C0445,58.0,67678.0,32.4,10.0,108.88,3.4,49.8,0.6,0.24,3.7,4.4,0.0,3.0,16.0,0.69,0.27,0.39,0.08,Online,West,Desktop
C0446,51.0,52873.0,61.8,31.0,74.66,8.7,94.4,0.29,0.5,8.8,7.4,0.0,4.0,12.0,0.71,0.22,0.38,0.02,Online,East,Mobile
C0447,44.0,84151.0,,15.0,111.88,9.5,52.0,0.44,0.29,2.9,2.9,0.0,4.6,9.0,1.0,0.61,0.46,0.0,Hybrid,South,Desktop
C0448,45.0,62542.0,76.7,36.0,66.62,8.8,77.9,0.48,0.35,7.2,5.3,0.0,3.5,20.0,0.68,0.56,0.44,0.17,Online,North,Tablet
C0449,59.0,78502.0,39.9,39.0,75.97,5.6,71.0,0.67,0.56,11.0,5.5,0.0,4.0,15.0,0.29,0.52,0.31,0.15,Online,South,Mobile
C0450,52.0,73669.0,90.6,22.0,77.19,8.7,77.0,0.36,0.3,9.4,4.7,4.0,3.9,13.0,0.84,0.55,0.44,0.2,Online,West,Mobile
C0451,30.0,82685.0,69.8,28.0,61.98,6.6,93.6,0.49,0.05,10.6,11.4,0.0,4.9,22.0,0.59,0.38,0.34,0.1,Store,North,Tablet
C0452,30.0,79492.0,52.4,14.0,120.44,4.6,76.4,0.52,0.17,9.6,4.6,1.0,3.6,3.0,0.99,0.54,0.55,0.01,Online,West,Desktop
C0453,46.0,77291.0,93.4,29.0,64.87,10.2,59.6,0.46,0.4,14.0,6.5,3.0,3.6,22.0,0.89,1.0,0.45,0.0,Hybrid,South,Mobile
C0454,24.0,71790.0,81.0,20.0,72.43,10.5,84.6,0.71,0.06,6.5,3.8,1.0,3.4,9.0,0.54,0.73,0.24,0.35,Online,South,Tablet
C0455,56.0,57102.0,67.8,15.0,127.15,10.8,58.5,0.68,0.35,9.0,6.7,0.0,3.2,15.0,0.76,0.44,0.6,0.16,Store,West,Mobile
C0456,51.0,58007.0,50.2,22.0,76.02,6.2,70.5,0.78,0.15,6.9,7.4,0.0,4.5,10.0,0.52,0.4,0.07,0.13,Hybrid,West,Desktop
C0457,23.0,56748.0,81.2,20.0,86.73,11.5,48.6,0.48,0.7,10.4,4.2,0.0,4.0,8.0,0.63,0.0,0.4,0.14,Online,West,Desktop
C0458,44.0,54380.0,42.5,21.0,63.66,6.5,52.5,0.79,0.79,7.8,5.4,1.0,4.1,22.0,0.75,0.71,0.24,0.01,Online,South,Mobile
C0459,31.0,76138.0,64.1,32.0,115.32,10.0,68.8,0.28,0.21,12.3,3.5,0.0,5.0,25.0,0.83,0.66,0.55,0.06,Online,East,Tablet
C0460,34.0,65287.0,88.3,18.0,115.71,6.5,73.5,0.27,0.45,6.7,3.0,2.0,5.0,13.0,0.79,0.39,0.35,0.26,Hybrid,South,Desktop
C0461,51.0,56085.0,58.3,38.0,112.69,7.3,42.5,0.31,0.23,11.5,7.8,1.0,2.8,16.0,0.64,0.21,0.22,0.17,Online,North,Mobile
C0462,23.0,65025.0,,13.0,107.05,1.0,75.5,0.55,0.34,9.5,4.3,1.0,4.6,14.0,1.0,0.27,0.29,0.06,Hybrid,South,Tablet
C0463,40.0,57188.0,48.2,37.0,94.06,7.1,55.7,0.79,0.72,7.9,1.0,1.0,4.3,24.0,0.56,0.59,0.23,0.02,Online,North,Desktop
C0464,36.0,101434.0,80.1,16.0,77.32,8.3,87.2,0.43,0.32,9.4,9.4,1.0,3.7,3.0,0.34,0.48,0.28,0.08,Store,North,Tablet
C0465,23.0,52885.0,86.6,24.0,69.18,6.8,62.7,0.45,0.35,8.7,3.7,1.0,4.4,16.0,0.38,0.64,0.28,0.09,Store,East,Tablet
C0466,33.0,72115.0,74.3,20.0,128.12,13.3,51.1,0.51,0.23,8.9,5.0,0.0,2.7,10.0,0.9,0.52,0.23,0.28,Online,East,Mobile
C0467,31.0,20662.0,79.2,21.0,113.41,4.5,69.1,0.66,0.61,7.5,9.1,2.0,5.0,3.0,0.62,0.69,0.35,0.1,Online,South,Tablet
C0468,60.0,63580.0,49.5,30.0,72.59,6.3,54.3,0.45,0.0,6.2,5.2,0.0,4.5,12.0,0.66,0.57,0.37,0.02,Hybrid,East,Mobile
C0469,31.0,53640.0,86.4,36.0,93.12,5.3,87.0,0.44,0.32,7.2,5.1,2.0,3.4,25.0,0.53,0.67,0.2,0.12,Online,West,Desktop
C0470,39.0,72444.0,58.0,34.0,83.6,6.3,68.0,0.28,0.39,3.8,2.8,0.0,3.6,10.0,0.55,0.08,0.12,0.14,Store,West,Desktop
C0471,40.0,71682.0,19.8,21.0,60.41,11.1,65.7,0.44,0.28,10.1,1.9,1.0,2.7,19.0,0.49,0.25,0.36,0.02,Hybrid,East,Desktop
C0472,41.0,79200.0,,25.0,96.97,12.4,76.9,0.79,0.56,4.9,5.1,0.0,3.8,21.0,0.71,0.43,0.38,0.15,Online,North,Mobile
C0473,36.0,79622.0,87.4,18.0,80.37,5.9,52.9,0.57,0.62,7.5,6.3,1.0,3.7,14.0,0.61,0.72,0.41,0.22,Online,East,Mobile
C0474,22.0,110255.0,93.2,16.0,65.33,5.8,48.7,0.4,0.15,9.6,6.2,2.0,3.0,15.0,0.71,0.88,0.39,0.13,Online,North,Tablet
C0475,55.0,56393.0,45.8,15.0,50.58,4.5,74.1,0.8,0.78,10.1,4.4,3.0,4.7,4.0,0.69,0.47,0.51,0.06,Online,North,Tablet
C0476,35.0,87724.0,62.9,20.0,48.21,11.9,51.5,0.43,0.14,3.6,5.5,0.0,5.0,10.0,0.55,0.38,0.44,0.08,Hybrid,South,Tablet
C0477,35.0,78206.0,57.7,26.0,81.6,11.4,51.5,0.83,0.63,7.8,1.5,0.0,4.1,19.0,0.37,0.11,0.64,0.0,Hybrid,South,Desktop
C0478,26.0,67472.0,84.3,9.0,89.62,7.7,80.6,0.83,0.43,9.1,6.5,1.0,3.9,14.0,0.35,0.67,0.69,0.11,Online,North,Tablet
C0479,46.0,67809.0,52.3,24.0,67.49,3.8,75.9,0.56,0.31,8.1,5.9,0.0,4.4,16.0,1.0,0.39,0.11,0.14,Hybrid,North,Mobile
C0480,28.0,57108.0,60.0,36.0,110.22,4.1,49.2,0.25,0.33,11.4,9.8,1.0,4.1,15.0,0.9,1.0,0.06,0.05,Online,West,Tablet
C0481,50.0,96281.0,78.1,33.0,90.16,8.5,58.7,1.0,0.39,5.9,5.5,3.0,3.2,27.0,0.87,0.35,0.32,0.28,Hybrid,East,Mobile
C0482,35.0,114523.0,63.2,19.0,108.15,9.6,54.4,0.63,0.44,2.9,3.4,2.0,3.6,11.0,0.51,0.92,0.38,0.18,Hybrid,East,Desktop
C0483,46.0,67338.0,92.4,13.0,86.88,1.8,94.6,0.49,0.23,10.0,5.4,2.0,3.9,24.0,0.63,0.65,0.31,0.0,Online,North,Desktop
C0484,30.0,63039.0,63.2,28.0,69.96,7.0,81.6,0.74,0.36,6.7,4.8,0.0,4.3,15.0,0.48,0.29,0.4,0.0,Store,West,Tablet
C0485,45.0,86120.0,92.3,5.0,95.2,12.9,61.7,0.69,0.26,3.6,6.5,1.0,4.1,24.0,0.39,0.55,0.29,0.04,Hybrid,South,Mobile
C0486,29.0,44142.0,79.4,33.0,56.65,7.3,76.6,0.81,0.18,7.6,5.6,2.0,4.3,7.0,0.52,0.65,0.24,0.25,Online,East,Desktop
C0487,37.0,94059.0,88.3,22.0,107.1,12.5,47.7,0.42,0.25,11.1,2.7,2.0,2.9,15.0,0.87,0.45,0.25,0.19,Online,South,Mobile
C0488,54.0,67821.0,58.3,39.0,65.76,9.9,57.9,0.61,0.19,4.8,1.9,4.0,4.6,12.0,0.78,0.67,0.3,0.25,Store,North,Mobile
C0489,36.0,83764.0,62.0,10.0,117.71,4.7,69.6,0.31,0.32,13.8,6.1,1.0,4.1,15.0,0.46,0.66,0.42,0.12,Online,South,Desktop
C0490,53.0,57642.0,,31.0,82.52,7.1,74.8,0.68,0.48,5.9,8.5,0.0,5.0,21.0,0.57,0.62,0.26,0.1,Online,North,Tablet
C0491,30.0,81160.0,69.9,23.0,121.75,7.6,66.5,0.55,0.42,8.2,5.7,1.0,3.8,16.0,0.76,0.5,0.29,0.02,Online,West,Mobile
C0492,29.0,59507.0,62.2,21.0,60.57,5.1,71.7,0.61,0.76,5.0,7.3,2.0,4.4,21.0,0.53,0.27,0.39,0.15,Store,South,Tablet
C0493,43.0,90301.0,77.5,13.0,73.02,5.1,69.2,0.52,0.0,8.1,7.7,2.0,5.0,10.0,0.64,0.48,0.3,0.1,Online,West,Desktop
C0494,51.0,65710.0,45.0,29.0,102.67,12.5,65.5,0.5,0.48,7.7,6.1,2.0,4.3,9.0,0.7,0.54,0.45,0.1,Online,West,Tablet
C0495,35.0,103187.0,88.6,29.0,124.77,5.1,63.6,0.38,0.4,4.3,3.7,1.0,4.0,14.0,0.7,0.12,0.21,0.25,Online,North,Mobile
C0496,41.0,111460.0,84.7,38.0,138.67,11.2,61.6,0.71,0.55,15.1,5.9,2.0,3.3,14.0,0.68,0.53,0.18,0.11,Online,South,Mobile
C0497,32.0,52178.0,89.2,32.0,93.16,6.7,71.5,0.85,0.53,6.8,8.2,1.0,5.0,13.0,0.51,0.48,0.36,0.23,Store,North,Tablet
C0498,45.0,108637.0,85.6,19.0,143.46,7.9,74.2,0.44,0.37,6.8,6.7,3.0,3.2,8.0,0.53,0.24,0.37,0.0,Online,North,Mobile
C0499,33.0,80330.0,58.8,16.0,83.89,9.7,71.0,0.66,0.43,10.4,7.1,0.0,4.4,21.0,0.43,0.43,0.22,0.34,Store,West,Mobile
C0500,50.0,,95.1,13.0,122.77,6.2,50.3,0.64,0.27,12.5,4.5,0.0,3.7,12.0,0.35,0.44,0.48,0.09,Online,East,Tablet
C0001,28.0,45328.0,75.2,24.0,133.25,5.2,76.5,0.35,0.4,9.5,8.0,0.0,3.1,13.0,0.89,0.48,0.55,0.27,Online,East,Desktop
C0002,38.0,49791.0,67.7,20.0,70.21,9.3,37.3,0.63,0.13,3.3,2.9,1.0,4.3,5.0,0.63,0.66,0.35,0.07,Online,East,Mobile
C0003,51.0,67582.0,55.4,34.0,133.45,1.0,74.6,0.84,0.17,9.9,6.0,0.0,5.0,22.0,0.75,0.22,0.44,0.24,Online,East,Desktop
C0004,42.0,110293.0,88.9,36.0,106.7,4.6,31.0,0.58,0.26,7.9,1.4,2.0,4.3,12.0,0.73,0.55,0.31,0.0,Hybrid,South,Desktop
C0005,48.0,112401.0,91.5,34.0,101.24,9.4,64.6,0.47,0.01,6.8,7.5,2.0,4.7,7.0,0.48,0.66,0.1,0.21,Online,South,Mobile
C0006,32.0,50332.0,48.4,17.0,83.41,4.1,80.8,0.59,0.65,7.4,1.9,2.0,3.8,22.0,0.7,0.13,0.4,0.05,Store,West,Mobile
C0007,37.0,46065.0,86.0,20.0,110.5,9.3,77.3,0.32,0.47,7.6,3.7,3.0,3.7,11.0,0.98,0.45,0.24,0.2,Store,West,Desktop
C0008,53.0,,50.9,39.0,91.57,10.7,48.5,0.81,0.39,11.2,5.5,0.0,4.2,16.0,0.68,0.83,0.28,0.04,Online,North,Desktop
C0009,22.0,68988.0,,26.0,81.66,6.5,50.5,0.59,0.01,16.1,6.5,,3.6,19.0,0.79,0.61,0.19,0.11,Store,West,Tablet
C0010,26.0,42561.0,79.9,22.0,111.49,5.1,57.7,0.42,0.07,11.0,4.9,3.0,4.7,17.0,0.75,0.13,0.33,0.06,Hybrid,West,Desktop
C0011,63.0,64553.0,60.8,30.0,87.97,6.6,70.8,0.52,0.4,6.6,8.8,0.0,2.8,3.0,0.69,0.63,0.45,0.1,Hybrid,West,Mobile
C0012,32.0,69687.0,71.9,32.0,69.65,5.1,37.5,0.44,0.75,9.6,7.1,0.0,4.8,18.0,0.66,0.35,0.43,0.27,Hybrid,South,Tablet
C0013,56.0,74661.0,61.3,19.0,108.8,7.7,67.8,0.81,0.27,9.7,6.9,3.0,4.1,13.0,0.73,0.64,0.51,0.11,Store,East,Desktop
C0014,40.0,69044.0,56.0,26.0,90.21,8.3,72.7,0.51,0.56,5.7,2.8,2.0,3.9,12.0,0.77,0.36,0.53,0.29,Online,North,Tablet
C0015,50.0,,36.7,31.0,105.69,7.1,63.8,0.58,0.31,4.8,9.2,0.0,2.8,13.0,0.39,0.49,0.07,0.09,Hybrid,North,Mobile
